HomerSampleID,Year,Agency,FisheryName,Species,Source,StatWeek,StatArea,SubDistrict,AStreamCode,Stock,Harvest,SampleDate,Gear,SurveySite,Rcvd,Preps,NotMarked,Marked, LCI,PWS,KOD,Other,TUTKA16PINK,TUTKA16PINKA,TUTKA17PINK,TUTKA17PINKA,TUTKA18PINK,TUTKA18PINKA,TUTKA18PINKB,TUTKA18PINKC,TUTKA19PINK,TUTKA19PINKA,TUTKA19PINKB,TUTKA20PINKB,PORTGRAHAM16,PORTGRAHAM17,PORTGRAHAM17A,PORTGRAHAM18,PORTGRAHAM19,PORTGRAHAM20,AFK16B,AFK17B,AFK18B,AFK19B,AFK20A,AFK20B,CCH16,CCH17,CCH18,CCH19,CCH20,CCH20A,SGH16,SGH17,SGH18,SGH19,SGH20,WNH16PINKB,WNH17PINKB,WNH18PINKB,WNH19PINKB,WNH20PINKB,KITOI17PINK,KITOI18PINK,KITOI19PINK
22HMS121P,2022,ADFG,,PINK,ESCAPEMENT SURVEY,39,23201,Koyuktolik (Dogfish) Subdistrict,241-40-10325,Dogfish Lagoon Creeks,,9/20/2022,NOT REQUIRED,HOMER,96,85,79,6,3,3,0,0,,,,,,,,,,,,,,,,,,3,,,,,1,2,,,,,,,,,,,,,,,,,,,
22HMS120P,2022,ADFG,,PINK,ESCAPEMENT SURVEY,38,24117,Seldovia Bay Subdistrict,241-11-10730,Seldovia River,,9/16/2022,NOT REQUIRED,HOMER,96,95,85,10,4,6,0,0,,,,,,,,,,,,,,,,,,4,,,,,2,1,,,,,3,,,,,,,,,,,,,,
22HMO119P,2022,ADFG,,PINK,ESCAPEMENT SURVEY,38,23213,Port Dick Island Creek Section,242-42-10430,Island Creek,,9/14/2022,NOT REQUIRED,HOMER,96,91,72,19,4,15,0,0,,,,,,,,,,,,1,,,,,,3,,,,,5,7,,,,,1,,,,,,1,,,,,1,,,
22HMS0118P,2022,ADFG,,PINK,ESCAPEMENT SURVEY,38,24120,Port Graham Section,241-20-10550,Port Graham River,,9/14/2022,NOT REQUIRED,HOMER,96,93,77,16,11,5,0,0,,,,,,,,,,,,,,,,,,11,,,,,,,,,,,3,,,,,,,,,,,2,,,
22HMO117P,2022,ADFG,,PINK,ESCAPEMENT SURVEY,38,23206,Port Dick Outer Section,242-42-10460,Port Dick Creek,,9/13/2022,NOT REQUIRED,HOMER,96,93,92,1,0,1,0,0,,,,,,,,,,,,,,,,,,,,,,,,,,,,,1,,,,,,,,,,,,,,
22HMS116P,2022,ADFG,,PINK,ESCAPEMENT SURVEY,38,24107,Tutka Bay Subdistrict,241-16-10090,Tutka Creek,,9/12/2022,NOT REQUIRED,HOMER,96,81,29,52,46,6,0,0,,,,,,,,,,,,46,,,,,,,,,,,1,1,,,,,4,,,,,,,,,,,,,,
22HMS115P,2022,ADFG,,PINK,ESCAPEMENT SURVEY,37,24118,Barabara Creek Subdistrict,241-11-10800,Barabara Creek,,9/9/2022,NOT REQUIRED,HOMER,96,91,49,42,3,39,0,0,,,,,,,,,,,,1,,,,,,2,,,,,4,10,,,,,7,,,,,,4,,,,,14,,,
22HMS114P,2022,ADFG,,PINK,ESCAPEMENT SURVEY,37,24117,Seldovia Bay Subdistrict,241-11-10730,Seldovia River,,9/8/2022,NOT REQUIRED,HOMER,96,90,81,9,2,7,0,0,,,,,,,,,,,,,,,,,,2,,,,,1,2,,,,,2,,,,,,,,,,,2,,,
22HMO113P,2022,ADFG,,PINK,ESCAPEMENT SURVEY,37,23202,Port Chatham Subdistrict,242-10-10220,Port Chatham Creeks,,9/6/2022,NOT REQUIRED,HOMER,96,84,77,7,2,5,0,0,,,,,,,,,,,,,,,,,,2,,,,,,2,,,,,3,,,,,,,,,,,,,,
22HMO111P,2022,ADFG,,PINK,ESCAPEMENT SURVEY,36,23202,Port Chatham Subdistrict,241-20-10550,Port Graham River,,9/2/2022,NOT REQUIRED,HOMER,12,11,3,8,5,3,0,0,,,,,,,,,,,,1,,,,,,4,,,,,1,1,,,,,,,,,,,1,,,,,,,,
22HMO110P,2022,ADFG,,PINK,ESCAPEMENT SURVEY,36,23202,Port Chatham Subdistrict,241-20-10550,Port Graham River,,9/2/2022,NOT REQUIRED,HOMER,96,92,62,30,24,6,0,0,,,,,,,,,,,,,,,,,,24,,,,,,1,,,,,2,,,,,,,,,,,3,,,
22HMO109P,2022,ADFG,,PINK,ESCAPEMENT SURVEY,36,23201,Koyuktolik (Dogfish) Subdistrict,241-40-10325,Dogfish Lagoon Creeks,,9/1/2022,NOT REQUIRED,HOMER,96,89,64,25,6,19,0,0,,,,,,,,,,,,,,,,,,6,,,,,3,8,,,,,,7,,,,,,,,,,1,,,
22HMS108P,2022,ADFG,,PINK,ESCAPEMENT SURVEY,36,24114,Humpy Creek Subdistrict,241-14-10510,Humpy Creek,,9/1/2022,NOT REQUIRED,HOMER,96,93,92,1,0,1,0,0,,,,,,,,,,,,,,,,,,,,,,,,,,,,,,,,,,,1,,,,,,,,
22HMS112P,2022,ADFG,,PINK,ESCAPEMENT SURVEY,36,24130,English Bay Section,241-30-10500,English Bay Lakes,,9/1/2022,NOT REQUIRED,HOMER,96,95,40,55,4,51,0,0,,,,,,,,,,,,,,,,,,4,,,,,4,13,,,,,7,1,,,,,2,,,,,24,,,
22HMS107P,2022,ADFG,,PINK,ESCAPEMENT SURVEY,36,24107,Tutka Bay Subdistrict,241-16-10090,Tutka Creek,,8/31/2022,NOT REQUIRED,HOMER,96,96,5,91,91,0,0,0,,,,,,,,,,,,91,,,,,,,,,,,,,,,,,,,,,,,,,,,,,,,
22HMO106P,2022,ADFG,,PINK,ESCAPEMENT SURVEY,36,23213,Port Dick Island Creek Section,242-42-10430,Island Creek,,8/30/2022,NOT REQUIRED,HOMER,82,80,67,13,4,9,0,0,,,,,,,,,,,,,,,,,,4,,,,,5,2,,,,,,,,,,,2,,,,,,,,
22HMO105P,2022,ADFG,,PINK,ESCAPEMENT SURVEY,36,23202,Port Chatham Subdistrict,242-10-10220,Port Chatham Creeks,,8/29/2022,NOT REQUIRED,HOMER,86,79,70,9,9,0,0,0,,,,,,,,,,,,,,,,,,9,,,,,,,,,,,,,,,,,,,,,,,,,
22HMS104P,2022,ADFG,,PINK,ESCAPEMENT SURVEY,35,24111,Halibut Cove Lagoon Subdistrict,241-11-10800,Barabara Creek,,8/26/2022,NOT REQUIRED,HOMER,78,70,62,8,2,6,0,0,,,,,,,,,,,,,,,,,,2,,,,,,,,,,,,,,,,,6,,,,,,,,
22HMO103P,2022,ADFG,,PINK,ESCAPEMENT SURVEY,35,23211,Port Dick Head End Section,242-42-10460,Port Dick Creek,,8/24/2022,NOT REQUIRED,HOMER,96,91,89,2,2,0,0,0,,,,,,,,,,,,2,,,,,,,,,,,,,,,,,,,,,,,,,,,,,,,
22HMS102P,2022,ADFG,,PINK,ESCAPEMENT SURVEY,35,24111,Halibut Cove Lagoon Subdistrict,241-11-10730,Seldovia River,,8/22/2022,NOT REQUIRED,HOMER,96,92,91,1,0,1,0,0,,,,,,,,,,,,,,,,,,,,,,,,,,,,,,,,,,,1,,,,,,,,
22HMS101P,2022,ADFG,,PINK,ESCAPEMENT SURVEY,34,24116,Halibut Cove Subdistrict,241-16-10090,Tutka Creek,,8/19/2022,NOT REQUIRED,HOMER,96,90,27,63,62,1,0,0,,,,,,,,,,,,62,,,,,,,,,,,,,,,,,,,,,,,1,,,,,,,,
22HMS100P,2022,ADFG,,PINK,ESCAPEMENT SURVEY,34,24111,Halibut Cove Lagoon Subdistrict,241-11-10800,Barabara Creek,,8/16/2022,NOT REQUIRED,HOMER,71,57,57,0,0,0,0,0,,,,,,,,,,,,,,,,,,,,,,,,,,,,,,,,,,,,,,,,,,,
22HMS122P,2022,ADFG,,PINK,ESCAPEMENT SURVEY,34,24130,English Bay Section,241-30-10500,English Bay Lakes,,8/14/2022,NOT REQUIRED,HOMER,96,92,80,12,5,7,0,0,,,,,,,,,,,,4,,,,,,1,,,,,3,2,,,,,2,,,,,,,,,,,,,,
22GBT051P,2022,ADFG,Southern (Lower Cook Inlet) Set Gillnet,PINK,COMMERCIAL COM PROP,32,24118,Barabara Creek Subdistrict,,,TRADITIONAL,8/5/2022,SET GILLNET,HOMER,45,40,30,10,5,5,0,0,,,,,,,,,,,,,,,,,,5,,,,,1,2,,,,,,,,,,,2,,,,,,,,
22GMX049P,2022,ADFG,Southern (Lower Cook Inlet) Set Gillnet,PINK,COMMERCIAL COM PROP,31,241061718,Iniskin Bay Subdistrict,,,TRADITIONAL,7/30/2022,SET GILLNET,HOMER,83,78,39,39,28,11,0,0,,,,,,,,,,,,4,,,,,,24,,,,,,,,,,,2,,,,,,8,,,,,1,,,
22PSD046P,2022,ADFG,Southern (Lower Cook Inlet) Purse Seine,PINK,COMMERCIAL COM PROP,31,24106,Tutka Bay Subdistrict,,,TRADITIONAL,7/29/2022,PURSE SEINE,HOMER,48,47,17,30,30,0,0,0,,,,,,,,,,,,30,,,,,,,,,,,,,,,,,,,,,,,,,,,,,,,
22PSD048P,2022,ADFG,Southern (Lower Cook Inlet) Purse Seine,PINK,COMMERCIAL COM PROP,31,24191,Neptune Bay Section,,,TRADITIONAL,7/29/2022,PURSE SEINE,HOMER,69,64,19,45,44,1,0,0,,,,,,,,,,,,44,,,,,,,,,,,,,,,,,,,,,,,1,,,,,,,,
22GMX044P,2022,ADFG,Southern (Lower Cook Inlet) Set Gillnet,PINK,COMMERCIAL COM PROP,31,241061718,Iniskin Bay Subdistrict,,,TRADITIONAL,7/27/2022,SET GILLNET,HOMER,96,91,45,46,45,1,0,0,,,,,,,,,,,,6,,,,,,39,,,,,,,,,,,,,,,,,1,,,,,,,,
22GMX041P,2022,ADFG,Southern (Lower Cook Inlet) Set Gillnet,PINK,COMMERCIAL COM PROP,30,241061718,Iniskin Bay Subdistrict,,,TRADITIONAL,7/23/2022,SET GILLNET,HOMER,54,52,29,23,12,11,0,0,,,,,,,,,,,,7,,,,,,5,,,,,,1,,,,,,,,,,,10,,,,,,,,
22PSD040P,2022,ADFG,Southern (Lower Cook Inlet) Purse Seine,PINK,COMMERCIAL COM PROP,30,24106,Tutka Bay Subdistrict,,,TRADITIONAL,7/22/2022,PURSE SEINE,HOMER,96,95,38,57,57,0,0,0,,,,,,,,,,,,57,,,,,,,,,,,,,,,,,,,,,,,,,,,,,,,
22PSD037P,2022,ADFG,Southern (Lower Cook Inlet) Purse Seine,PINK,COST RECOVERY,30,24107,Tutka Bay Subdistrict,,,PNP FISH,7/21/2022,PURSE SEINE,HOMER,96,96,7,89,89,0,0,0,,,,,,,,,,,,89,,,,,,,,,,,,,,,,,,,,,,,,,,,,,,,
22GMX035P,2022,ADFG,Southern (Lower Cook Inlet) Set Gillnet,PINK,COMMERCIAL COM PROP,30,241061718,Iniskin Bay Subdistrict,,,TRADITIONAL,7/20/2022,SET GILLNET,HOMER,96,92,52,40,19,21,0,0,,,,,,,,,,,,16,,,,,,3,,,,,,1,,,,,1,,,,,,18,,,,,1,,,
22GMX029P,2022,ADFG,Southern (Lower Cook Inlet) Set Gillnet,PINK,COMMERCIAL COM PROP,29,241061718,Iniskin Bay Subdistrict,,,TRADITIONAL,7/13/2022,SET GILLNET,HOMER,96,95,74,21,14,7,0,0,,,,,,,,,,,,11,,,,,,3,,,,,,,,,,,,,,,,,7,,,,,,,,
21HMO132P,2021,ADFG,,PINK,ESCAPEMENT SURVEY,41,23213,Port Dick Island Creek Section,242-42-10430,Island Creek,,10/4/2021,NOT REQUIRED,HOMER,96,94,94,0,0,0,0,0,,,,,,,,,,,,,,,,,,,,,,,,,,,,,,,,,,,,,,,,,,,
21HMS130P,2021,ADFG,,PINK,ESCAPEMENT SURVEY,40,24120,Port Graham Section,241-20-10550,Port Graham River,,9/28/2021,NOT REQUIRED,HOMER,96,94,85,9,6,2,1,0,,,,,,,,,,,,,,,,,6,,,,,2,,,,,,,,,,,,,,,,,,,,,1
21HMS131P,2021,ADFG,,PINK,ESCAPEMENT SURVEY,40,24130,English Bay Section,241-30-10500,English Bay Lakes,,9/28/2021,NOT REQUIRED,HOMER,96,91,88,3,0,2,1,0,,,,,,,,,,,,,,,,,,,,,,1,,,,,,,,,,,,,,,,,1,,,,1
21HMS129P,2021,ADFG,,PINK,ESCAPEMENT SURVEY,40,24118,Barabara Creek Subdistrict,241-11-10800,Barabara Creek,,9/27/2021,NOT REQUIRED,HOMER,96,96,45,51,0,51,0,0,,,,,,,,,,,,,,,,,,,,,,15,,,,,,20,,,,,,,,,,,16,,,,
21HMO128P,2021,ADFG,,PINK,ESCAPEMENT SURVEY,40,23201,Koyuktolik (Dogfish) Subdistrict,241-40-10325,Dogfish Lagoon Creeks,,9/26/2021,NOT REQUIRED,HOMER,96,94,89,5,4,1,0,0,,,,,,,,,,,,,,,,,4,,,,,1,,,,,,,,,,,,,,,,,,,,,
21HMO127P,2021,ADFG,,PINK,ESCAPEMENT SURVEY,39,23211,Port Dick Head End Section,242-42-10460,Port Dick Creek,,9/25/2021,NOT REQUIRED,HOMER,96,93,91,2,2,0,0,0,,,,,,,,,,,2,,,,,,,,,,,,,,,,,,,,,,,,,,,,,,,,
21HMS126P,2021,ADFG,,PINK,ESCAPEMENT SURVEY,39,24114,Humpy Creek Subdistrict,241-14-10510,Humpy Creek,,9/22/2021,NOT REQUIRED,HOMER,96,93,85,8,0,8,0,0,,,,,,,,,,,,,,,,,,,,,,2,,,,,,3,,,,,,,,,,,3,,,,
21HMS125P,2021,ADFG,,PINK,ESCAPEMENT SURVEY,39,24117,Seldovia Bay Subdistrict,241-11-10730,Seldovia River,,9/20/2021,NOT REQUIRED,HOMER,96,95,65,30,12,16,2,0,,,,,,,,,,1,,,,,,,11,,,,,5,,,,,,6,,,,,,,,,,,5,,,,2
21HMO123P,2021,ADFG,,PINK,ESCAPEMENT SURVEY,38,23213,Port Dick Island Creek Section,242-42-10430,Island Creek,,9/17/2021,NOT REQUIRED,HOMER,96,96,93,3,0,3,0,0,,,,,,,,,,,,,,,,,,,,,,1,,,,,,1,,,,,,,,,,,1,,,,
21HMS124P,2021,ADFG,,PINK,ESCAPEMENT SURVEY,38,24106,Tutka Bay Subdistrict,241-16-10090,Tutka Creek,,9/17/2021,NOT REQUIRED,HOMER,96,95,50,45,24,20,1,0,,,,,,,,,8,7,9,,,,,,,,,,,5,,,,,,12,,,,,,1,,,,,2,,,,1
21HMS121P,2021,ADFG,,PINK,ESCAPEMENT SURVEY,38,24120,Port Graham Section,241-20-10550,Port Graham River,,9/15/2021,NOT REQUIRED,HOMER,96,96,66,30,14,16,0,0,,,,,,,,,,,,,,,,,14,,,,,4,,,,,,10,,,,,,,,,,,2,,,,
21HMS122P,2021,ADFG,,PINK,ESCAPEMENT SURVEY,38,24130,English Bay Section,241-30-10500,English Bay Lakes,,9/15/2021,NOT REQUIRED,HOMER,96,94,53,41,0,36,5,0,,,,,,,,,,,,,,,,,,,,,,6,,,,,,18,,,,,,,,,,,12,,,,5
21HMO120P,2021,ADFG,,PINK,ESCAPEMENT SURVEY,38,23202,Port Chatham Subdistrict,242-10-10220,Port Chatham Creeks,,9/14/2021,NOT REQUIRED,HOMER,96,93,84,9,0,9,0,0,,,,,,,,,,,,,,,,,,,,,,6,,,,,,3,,,,,,,,,,,,,,,
21HMS119P,2021,ADFG,,PINK,ESCAPEMENT SURVEY,38,24118,Barabara Creek Subdistrict,241-11-10800,Barabara Creek,,9/13/2021,NOT REQUIRED,HOMER,96,95,28,67,0,67,0,0,,,,,,,,,,,,,,,,,,,,,,35,,,,,,20,,,,,,1,,,,,11,,,,
21HMO118P,2021,ADFG,,PINK,ESCAPEMENT SURVEY,37,23211,Port Dick Head End Section,242-42-10460,Port Dick Creek,,9/11/2021,NOT REQUIRED,HOMER,96,94,91,3,1,2,0,0,,,,,,,,,,,1,,,,,,,,,,,,,,,,,,,,,,,1,,,,,1,,,,
21HMO117P,2021,ADFG,,PINK,ESCAPEMENT SURVEY,37,23201,Koyuktolik (Dogfish) Subdistrict,241-40-10325,Dogfish Lagoon Creeks,,9/10/2021,NOT REQUIRED,HOMER,96,95,69,26,1,25,0,0,,,,,,,,,,,,,,,,,1,,,,,15,,,,,,5,,,,,,,,,,,5,,,,
21HMS116P,2021,ADFG,,PINK,ESCAPEMENT SURVEY,37,24114,Humpy Creek Subdistrict,241-14-10510,Humpy Creek,,9/9/2021,NOT REQUIRED,HOMER,35,35,32,3,0,3,0,0,,,,,,,,,,,,,,,,,,,,,,,,,,,,2,,,,,,1,,,,,,,,,
21HMS114P,2021,ADFG,,PINK,ESCAPEMENT SURVEY,37,24106,Tutka Bay Subdistrict,241-16-10090,Tutka Creek,,9/8/2021,NOT REQUIRED,HOMER,96,95,37,58,55,3,0,0,,,,,,,,,14,15,26,,,,,,,,,,,1,,,,,,1,,,,,,,,,,,1,,,,
21HMS115P,2021,ADFG,,PINK,ESCAPEMENT SURVEY,37,24117,Seldovia Bay Subdistrict,241-11-10730,Seldovia River,,9/8/2021,NOT REQUIRED,HOMER,96,96,49,47,4,41,2,0,,,,,,,,,,2,,,,,,,2,,,,,22,,,,,,11,,,,,,1,,,,,7,,,,2
21HMO113P,2021,ADFG,,PINK,ESCAPEMENT SURVEY,37,23213,Port Dick Island Creek Section,242-42-10430,Island Creek,,9/7/2021,NOT REQUIRED,HOMER,96,94,85,9,2,7,0,0,,,,,,,,,,,,,,,,,2,,,,,3,,,,,,1,,,,,,1,,,,,2,,,,
21HMO110P,2021,ADFG,,PINK,ESCAPEMENT SURVEY,36,23202,Port Chatham Subdistrict,242-10-10240,Port Chatham Creeks,,9/3/2021,NOT REQUIRED,HOMER,96,95,79,16,1,15,0,0,,,,,,,,,,,,,,,,,1,,,,,13,,,,,,,,,,,,,,,,,2,,,,
21HMO111P,2021,ADFG,,PINK,ESCAPEMENT SURVEY,36,23211,Port Dick Head End Section,242-42-10460,Port Dick Creek,,9/3/2021,NOT REQUIRED,HOMER,96,95,91,4,0,4,0,0,,,,,,,,,,,,,,,,,,,,,,1,,,,,,1,,,,,,1,,,,,1,,,,
21HMS112P,2021,ADFG,,PINK,ESCAPEMENT SURVEY,36,24130,English Bay Section,241-30-10500,English Bay Lakes,,9/3/2021,NOT REQUIRED,HOMER,96,93,29,64,0,64,0,0,,,,,,,,,,,,,,,,,,,,,,38,,,,,,8,,,,,,6,,,,,12,,,,
21HMS109P,2021,ADFG,,PINK,ESCAPEMENT SURVEY,36,24118,Barabara Creek Subdistrict,241-11-10800,Barabara Creek,,9/2/2021,NOT REQUIRED,HOMER,96,96,50,46,0,46,0,0,,,,,,,,,,,,,,,,,,,,,,14,,,,,,,,,,,,27,,,,,5,,,,
21HMS108P,2021,ADFG,,PINK,ESCAPEMENT SURVEY,36,24120,Port Graham Section,241-20-10550,Port Graham River,,8/30/2021,NOT REQUIRED,HOMER,96,93,70,23,14,9,0,0,,,,,,,,,1,1,1,,,,,,11,,,,,2,,,,,,,,,,,,6,,,,,1,,,,
21HMS107P,2021,ADFG,,PINK,ESCAPEMENT SURVEY,35,24117,Seldovia Bay Subdistrict,241-11-10730,Seldovia River,,8/26/2021,NOT REQUIRED,HOMER,96,90,73,17,1,16,0,0,,,,,,,,,1,,,,,,,,,,,,,3,,,,,,,,,,,,11,,,,,2,,,,
21HMO106P,2021,ADFG,,PINK,ESCAPEMENT SURVEY,35,23213,Port Dick Island Creek Section,242-42-10430,Island Creek,,8/24/2021,NOT REQUIRED,HOMER,84,83,79,4,0,4,0,0,,,,,,,,,,,,,,,,,,,,,,2,,,,,,,,,,,,2,,,,,,,,,
21HMS105P,2021,ADFG,,PINK,ESCAPEMENT SURVEY,35,24106,Tutka Bay Subdistrict,241-16-10090,Tutka Creek,,8/23/2021,NOT REQUIRED,HOMER,96,95,8,87,86,1,0,0,,,,,,,,,50,20,16,,,,,,,,,,,,,,,,,,,,,,,1,,,,,,,,,
21HMS104P,2021,ADFG,,PINK,ESCAPEMENT SURVEY,34,24118,Barabara Creek Subdistrict,241-11-10800,Barabara Creek,,8/19/2021,NOT REQUIRED,HOMER,14,14,11,3,0,3,0,0,,,,,,,,,,,,,,,,,,,,,,1,,,,,,,,,,,,2,,,,,,,,,
21HMO103P,2021,ADFG,,PINK,ESCAPEMENT SURVEY,34,23211,Port Dick Head End Section,242-42-10460,Port Dick Creek,,8/18/2021,NOT REQUIRED,HOMER,96,89,87,2,0,2,0,0,,,,,,,,,,,,,,,,,,,,,,2,,,,,,,,,,,,,,,,,,,,,
21HMO102P,2021,ADFG,,PINK,ESCAPEMENT SURVEY,34,23201,Koyuktolik (Dogfish) Subdistrict,241-40-10300,Dogfish Lagoon Creeks,,8/17/2021,NOT REQUIRED,HOMER,59,59,54,5,0,5,0,0,,,,,,,,,,,,,,,,,,,,,,1,,,,,,,,,,,,4,,,,,,,,,
21HMO101P,2021,ADFG,,PINK,ESCAPEMENT SURVEY,34,23202,Port Chatham Subdistrict,242-10-10220,Port Chatham Creeks,,8/16/2021,NOT REQUIRED,HOMER,70,68,68,0,0,0,0,0,,,,,,,,,,,,,,,,,,,,,,,,,,,,,,,,,,,,,,,,,,,
21PSD082P,2021,ADFG,Southern (Lower Cook Inlet) Purse Seine,PINK,COST RECOVERY,33,24107,Tutka Bay Subdistrict,,,PNP FISH,8/13/2021,PURSE SEINE,HOMER,96,95,23,72,71,1,0,0,,,,,,,,,29,27,15,,,,,,,,,,,1,,,,,,,,,,,,,,,,,,,,,
21HMO100P,2021,ADFG,,PINK,ESCAPEMENT SURVEY,33,23213,Port Dick Island Creek Section,242-42-10430,Island Creek,,8/13/2021,NOT REQUIRED,HOMER,16,16,16,0,0,0,0,0,,,,,,,,,,,,,,,,,,,,,,,,,,,,,,,,,,,,,,,,,,,
21PSD081P,2021,ADFG,Southern (Lower Cook Inlet) Purse Seine,PINK,COMMERCIAL COM PROP,32,24115,Halibut Cove Subdistrict,,,TRADITIONAL,8/6/2021,PURSE SEINE,HOMER,6,6,4,2,2,0,0,0,,,,,,,,,2,,,,,,,,,,,,,,,,,,,,,,,,,,,,,,,,,,
21PSD079P,2021,ADFG,Southern (Lower Cook Inlet) Purse Seine,PINK,COMMERCIAL COM PROP,32,24106,Tutka Bay Subdistrict,,,TRADITIONAL,8/4/2021,PURSE SEINE,HOMER,39,37,9,28,27,0,1,0,,,,,,,,,13,8,6,,,,,,,,,,,,,,,,,,,,,,,,,,,,,,,,1
21PSD077P,2021,ADFG,Southern (Lower Cook Inlet) Purse Seine,PINK,COMMERCIAL COM PROP,32,24191,Neptune Bay Section,,,TRADITIONAL,8/4/2021,PURSE SEINE,HOMER,48,48,15,33,33,0,0,0,,,,,,,,,15,11,7,,,,,,,,,,,,,,,,,,,,,,,,,,,,,,,,
21PSD075P,2021,ADFG,Southern (Lower Cook Inlet) Purse Seine,PINK,COMMERCIAL COM PROP,32,24191,Neptune Bay Section,,,TRADITIONAL,8/2/2021,PURSE SEINE,HOMER,96,94,58,36,35,1,0,0,,,,,,,,,12,11,12,,,,,,,,,,,,,,,,,,,,,,,1,,,,,,,,,
21PSD073P,2021,ADFG,Southern (Lower Cook Inlet) Purse Seine,PINK,COMMERCIAL COM PROP,31,24106,Tutka Bay Subdistrict,,,TRADITIONAL,7/30/2021,PURSE SEINE,HOMER,91,87,35,52,52,0,0,0,,,,,,,,,34,15,3,,,,,,,,,,,,,,,,,,,,,,,,,,,,,,,,
21PSD069P,2021,ADFG,Southern (Lower Cook Inlet) Purse Seine,PINK,COMMERCIAL COM PROP,31,24115,Halibut Cove Subdistrict,,,TRADITIONAL,7/30/2021,PURSE SEINE,HOMER,20,20,16,4,4,0,0,0,,,,,,,,,1,3,,,,,,,,,,,,,,,,,,,,,,,,,,,,,,,,,
21PSD071P,2021,ADFG,Southern (Lower Cook Inlet) Purse Seine,PINK,COMMERCIAL COM PROP,31,24191,Neptune Bay Section,,,TRADITIONAL,7/30/2021,PURSE SEINE,HOMER,76,75,39,36,36,0,0,0,,,,,,,,,14,14,8,,,,,,,,,,,,,,,,,,,,,,,,,,,,,,,,
21GMX067P,2021,ADFG,Southern (Lower Cook Inlet) Set Gillnet,PINK,COMMERCIAL COM PROP,31,241061718,Iniskin Bay Subdistrict,,,TRADITIONAL,7/28/2021,SET GILLNET,HOMER,67,63,42,21,4,17,0,0,,,,,,,,,,1,,,,,,,3,,,,,1,,,,,,,,,,,,14,,,,,2,,,,
21PSD064P,2021,ADFG,Southern (Lower Cook Inlet) Purse Seine,PINK,COMMERCIAL COM PROP,31,24106,Tutka Bay Subdistrict,,,TRADITIONAL,7/26/2021,PURSE SEINE,HOMER,96,95,13,82,82,0,0,0,,,,,,,,,42,23,17,,,,,,,,,,,,,,,,,,,,,,,,,,,,,,,,
21PSD062P,2021,ADFG,Southern (Lower Cook Inlet) Purse Seine,PINK,COMMERCIAL COM PROP,31,24191,Neptune Bay Section,,,TRADITIONAL,7/26/2021,PURSE SEINE,HOMER,55,53,16,37,34,3,0,0,,,,,,,,,21,12,1,,,,,,,,,,,1,,,,,,,,,,,,2,,,,,,,,,
21GMX060P,2021,ADFG,Southern (Lower Cook Inlet) Set Gillnet,PINK,COMMERCIAL COM PROP,30,241061718,Iniskin Bay Subdistrict,,,TRADITIONAL,7/24/2021,SET GILLNET,HOMER,96,96,63,33,8,25,0,0,,,,,,,,,4,4,,,,,,,,,,,,2,,,,,,2,,,,,,16,,,,,5,,,,
21PSD055P,2021,ADFG,Southern (Lower Cook Inlet) Purse Seine,PINK,COMMERCIAL COM PROP,30,24106,Tutka Bay Subdistrict,,,TRADITIONAL,7/23/2021,PURSE SEINE,HOMER,96,94,20,74,72,2,0,0,,,,,,,,,47,13,12,,,,,,,,,,,2,,,,,,,,,,,,,,,,,,,,,
21PSD057P,2021,ADFG,Southern (Lower Cook Inlet) Purse Seine,PINK,COMMERCIAL COM PROP,30,24106,Tutka Bay Subdistrict,,,TRADITIONAL,7/23/2021,PURSE SEINE,HOMER,31,30,17,13,13,0,0,0,,,,,,,,,8,5,,,,,,,,,,,,,,,,,,,,,,,,,,,,,,,,,
21GMX051P,2021,ADFG,Southern (Lower Cook Inlet) Set Gillnet,PINK,COMMERCIAL COM PROP,30,241061718,Iniskin Bay Subdistrict,,,TRADITIONAL,7/22/2021,SET GILLNET,HOMER,96,95,61,34,6,28,0,0,,,,,,,,,4,1,,,,,,,1,,,,,2,,,,,,,,,,,,22,,,,,4,,,,
21PSD053P,2021,ADFG,Southern (Lower Cook Inlet) Purse Seine,PINK,COST RECOVERY,30,24107,Tutka Bay Subdistrict,,,PNP FISH,7/22/2021,PURSE SEINE,HOMER,96,95,6,89,89,0,0,0,,,,,,,,,53,16,20,,,,,,,,,,,,,,,,,,,,,,,,,,,,,,,,
21PSD049P,2021,ADFG,Southern (Lower Cook Inlet) Purse Seine,PINK,COMMERCIAL COM PROP,30,24106,Tutka Bay Subdistrict,,,TRADITIONAL,7/19/2021,PURSE SEINE,HOMER,83,83,7,76,74,2,0,0,,,,,,,,,46,14,14,,,,,,,,,,,,,,,,,,,,,,,2,,,,,,,,,
21GMX046P,2021,ADFG,Southern (Lower Cook Inlet) Set Gillnet,PINK,COMMERCIAL COM PROP,29,241061718,Iniskin Bay Subdistrict,,,TRADITIONAL,7/17/2021,SET GILLNET,HOMER,96,95,35,60,1,59,0,0,,,,,,,,,1,,,,,,,,,,,,,1,,,,,,,,,,,,58,,,,,,,,,
21PSD044P,2021,ADFG,Southern (Lower Cook Inlet) Purse Seine,PINK,COMMERCIAL COM PROP,29,24106,Tutka Bay Subdistrict,,,TRADITIONAL,7/16/2021,PURSE SEINE,HOMER,96,94,17,77,76,1,0,0,,,,,,,,,53,16,7,,,,,,,,,,,,,,,,,1,,,,,,,,,,,,,,,
21GMX039P,2021,ADFG,Southern (Lower Cook Inlet) Set Gillnet,PINK,COMMERCIAL COM PROP,29,241061718,Iniskin Bay Subdistrict,,,TRADITIONAL,7/14/2021,SET GILLNET,HOMER,18,18,8,10,0,10,0,0,,,,,,,,,,,,,,,,,,,,,,,,,,,,,,,,,,10,,,,,,,,,
21GMX041P,2021,ADFG,Southern (Lower Cook Inlet) Set Gillnet,PINK,COMMERCIAL COM PROP,29,241061718,Iniskin Bay Subdistrict,,,TRADITIONAL,7/14/2021,SET GILLNET,HOMER,96,95,34,61,4,57,0,0,,,,,,,,,4,,,,,,,,,,,,,,,,,,,,,,,,,57,,,,,,,,,
21GMX034P,2021,ADFG,Southern (Lower Cook Inlet) Set Gillnet,PINK,COMMERCIAL COM PROP,28,241061718,Iniskin Bay Subdistrict,,,TRADITIONAL,7/10/2021,SET GILLNET,HOMER,96,96,76,20,7,13,0,0,,,,,,,,,6,,1,,,,,,,,,,,1,,,,,,,,,,,,12,,,,,,,,,
21GMX023P,2021,ADFG,Southern (Lower Cook Inlet) Set Gillnet,PINK,COMMERCIAL COM PROP,28,241061718,Iniskin Bay Subdistrict,,,TRADITIONAL,7/7/2021,SET GILLNET,HOMER,13,13,12,1,0,1,0,0,,,,,,,,,,,,,,,,,,,,,,,,,,,,,,,,,,1,,,,,,,,,
21GMX027P,2021,ADFG,Southern (Lower Cook Inlet) Set Gillnet,PINK,COMMERCIAL COM PROP,28,241061718,Iniskin Bay Subdistrict,,,TRADITIONAL,7/7/2021,SET GILLNET,HOMER,96,96,61,35,7,28,0,0,,,,,,,,,6,1,,,,,,,,,,,,,,,,,,,,,,,,28,,,,,,,,,
21GMX022P,2021,ADFG,Southern (Lower Cook Inlet) Set Gillnet,PINK,COMMERCIAL COM PROP,27,241061718,Iniskin Bay Subdistrict,,,TRADITIONAL,7/2/2021,SET GILLNET,HOMER,96,95,70,25,2,23,0,0,,,,,,,,,1,,1,,,,,,,,,,,2,,,,,,,,,,,,21,,,,,,,,,
20HMS124P,2020,ADFG,,PINK,ESCAPEMENT SURVEY,38,24120,Port Graham Section,241-20-10550,Port Graham River,,9/16/2020,NOT REQUIRED,HOMER,84,83,45,38,35,2,1,0,,,,,,,,,,,,,,,,35,,,,,1,,,,,,,,,,,,1,,,,,,,,,1,
20HMO123P,2020,ADFG,,PINK,ESCAPEMENT SURVEY,38,23201,Koyuktolik (Dogfish) Subdistrict,241-40-10300,Dogfish Lagoon Creeks,,9/14/2020,NOT REQUIRED,HOMER,96,95,28,67,17,50,0,0,,,,,4,1,7,,,,,,,,,5,,,,,22,,,,,,8,,,,,,1,,,,,19,,,,,
20HMS122P,2020,ADFG,,PINK,ESCAPEMENT SURVEY,37,24118,Barabara Creek Subdistrict,241-11-10800,Barabara Creek,,9/11/2020,NOT REQUIRED,HOMER,96,95,78,17,6,11,0,0,,,,,,,1,,,,,,,,,5,,,,,5,,,,,,1,,,,,,,,,,,5,,,,,
20HMS121P,2020,ADFG,,PINK,ESCAPEMENT SURVEY,37,24107,Tutka Bay Subdistrict,241-16-10090,Tutka Creek,,9/10/2020,NOT REQUIRED,HOMER,96,96,0,96,95,1,0,0,,,,,38,30,27,,,,,,,,,,,,,,1,,,,,,,,,,,,,,,,,,,,,,
20HMS120P,2020,ADFG,,PINK,ESCAPEMENT SURVEY,37,24192,China Poot SHA,241-15-10370,China Poot Creek,,9/10/2020,NOT REQUIRED,HOMER,9,8,8,0,0,0,0,0,,,,,,,,,,,,,,,,,,,,,,,,,,,,,,,,,,,,,,,,,,,
20HMS119P,2020,ADFG,,PINK,ESCAPEMENT SURVEY,37,24117,Seldovia Bay Subdistrict,241-11-10730,Seldovia River,,9/8/2020,NOT REQUIRED,HOMER,96,94,59,35,27,8,0,0,,,,,,,4,2,,,,,,,,21,,,,,3,,,,,,3,,,,,,,,,,,2,,,,,
20HMS118P,2020,ADFG,,PINK,ESCAPEMENT SURVEY,36,24118,Barabara Creek Subdistrict,241-11-10800,Barabara Creek,,9/3/2020,NOT REQUIRED,HOMER,96,93,50,43,9,34,0,0,,,,,2,1,1,4,,,,,,,,1,,,,,10,,,,,,5,,,,,,5,,,,,14,,,,,
20HMS117P,2020,ADFG,,PINK,ESCAPEMENT SURVEY,36,24107,Tutka Bay Subdistrict,241-16-10090,Tutka Creek,,9/2/2020,NOT REQUIRED,HOMER,96,94,1,93,91,2,0,0,,,,,50,15,17,9,,,,,,,,,,,,,1,,,,,,1,,,,,,,,,,,,,,,,
20HMO113P,2020,ADFG,,PINK,ESCAPEMENT SURVEY,36,23211,Port Dick Head End Section,242-42-10460,Port Dick Creek,,9/1/2020,NOT REQUIRED,HOMER,96,94,94,0,0,0,0,0,,,,,,,,,,,,,,,,,,,,,,,,,,,,,,,,,,,,,,,,,,,
20HMS116P,2020,ADFG,,PINK,ESCAPEMENT SURVEY,35,24130,English Bay Section,241-30-10500,English Bay Lakes,,8/28/2020,NOT REQUIRED,HOMER,96,96,68,28,2,26,0,0,,,,,,1,1,,,,,,,,,,,,,,10,,,,,,2,,,,,,7,,,,,7,,,,,
20HMO115P,2020,ADFG,,PINK,ESCAPEMENT SURVEY,35,23201,Koyuktolik (Dogfish) Subdistrict,241-40-10300,Dogfish Lagoon Creeks,,8/27/2020,NOT REQUIRED,HOMER,96,91,81,10,4,6,0,0,,,,,,,2,,,,,,,,,2,,,,,2,,,,,,,,,,,,,,,,,4,,,,,
20HMO114P,2020,ADFG,,PINK,ESCAPEMENT SURVEY,35,23202,Port Chatham Subdistrict,242-10-10220,Port Chatham Creeks,,8/26/2020,NOT REQUIRED,HOMER,96,95,81,14,13,1,0,0,,,,,,,,,,,,,,,,13,,,,,,,,,,,1,,,,,,,,,,,,,,,,
20HMS112P,2020,ADFG,,PINK,ESCAPEMENT SURVEY,35,24120,Port Graham Section,241-20-10550,Port Graham River,,8/25/2020,NOT REQUIRED,HOMER,96,96,90,6,5,1,0,0,,,,,,,,,,,,,,,,5,,,,,,,,,,,,,,,,,1,,,,,,,,,,
20HMS111P,2020,ADFG,,PINK,ESCAPEMENT SURVEY,35,24107,Tutka Bay Subdistrict,241-16-10090,Tutka Creek,,8/24/2020,NOT REQUIRED,HOMER,96,96,1,95,95,0,0,0,,,,,34,9,36,16,,,,,,,,,,,,,,,,,,,,,,,,,,,,,,,,,,,
20HMO110P,2020,ADFG,,PINK,ESCAPEMENT SURVEY,34,23213,Port Dick Island Creek Section,242-42-10430,Island Creek,,8/21/2020,NOT REQUIRED,HOMER,96,94,93,1,0,1,0,0,,,,,,,,,,,,,,,,,,,,,,,,,,,1,,,,,,,,,,,,,,,,
20HMS109P,2020,ADFG,,PINK,ESCAPEMENT SURVEY,34,24117,Seldovia Bay Subdistrict,241-11-10730,Seldovia River,,8/20/2020,NOT REQUIRED,HOMER,96,95,92,3,3,0,0,0,,,,,,,1,1,,,,,,,,1,,,,,,,,,,,,,,,,,,,,,,,,,,,
20HMS108P,2020,ADFG,,PINK,ESCAPEMENT SURVEY,34,24118,Barabara Creek Subdistrict,241-11-10800,Barabara Creek,,8/19/2020,NOT REQUIRED,HOMER,96,94,92,2,1,1,0,0,,,,,,,1,,,,,,,,,,,,,,,,,,,,,,,,,,1,,,,,,,,,,
20PSD076P,2020,ADFG,Southern (Lower Cook Inlet) Purse Seine,PINK,COMMERCIAL COM PROP,34,24120,Port Graham Section,,,TRADITIONAL,8/17/2020,PURSE SEINE,HOMER,57,57,5,52,52,0,0,0,,,,,,,,,,,,,,,,52,,,,,,,,,,,,,,,,,,,,,,,,,,,
20PSD077P,2020,ADFG,Southern (Lower Cook Inlet) Purse Seine,PINK,COMMERCIAL COM PROP,34,24120,Port Graham Section,,,TRADITIONAL,8/17/2020,PURSE SEINE,HOMER,94,93,39,54,54,0,0,0,,,,,1,,1,,,,,,,,,52,,,,,,,,,,,,,,,,,,,,,,,,,,,
20HMO107P,2020,ADFG,,PINK,ESCAPEMENT SURVEY,34,23202,Port Chatham Subdistrict,242-10-10220,Port Chatham Creeks,,8/17/2020,NOT REQUIRED,HOMER,96,95,90,5,3,2,0,0,,,,,,,,,,,,,,,,3,,,,,1,,,,,,1,,,,,,,,,,,,,,,,
20PSD075P,2020,ADFG,Southern (Lower Cook Inlet) Purse Seine,PINK,COMMERCIAL COM PROP,33,24107,Tutka Bay Subdistrict,,,TRADITIONAL,8/14/2020,PURSE SEINE,HOMER,96,96,22,74,73,1,0,0,,,,,31,12,21,3,,,,,,,,6,,,,,,,,,,,1,,,,,,,,,,,,,,,,
20HMO106P,2020,ADFG,,PINK,ESCAPEMENT SURVEY,33,23211,Port Dick Head End Section,242-42-10460,Port Dick Creek,,8/14/2020,NOT REQUIRED,HOMER,96,94,94,0,0,0,0,0,,,,,,,,,,,,,,,,,,,,,,,,,,,,,,,,,,,,,,,,,,,
20HMS105P,2020,ADFG,,PINK,ESCAPEMENT SURVEY,33,24117,Seldovia Bay Subdistrict,241-11-10730,Seldovia River,,8/13/2020,NOT REQUIRED,HOMER,96,89,87,2,1,1,0,0,,,,,1,,,,,,,,,,,,,,,,,,,,,,,,,,,,1,,,,,,,,,,
20HMO104P,2020,ADFG,,PINK,ESCAPEMENT SURVEY,33,23201,Koyuktolik (Dogfish) Subdistrict,241-40-10300,Dogfish Lagoon Creeks,,8/12/2020,NOT REQUIRED,HOMER,54,52,48,4,1,3,0,0,,,,,,,,1,,,,,,,,,,,,,,,,,,,1,,,,,,2,,,,,,,,,,
20HMS103P,2020,ADFG,,PINK,ESCAPEMENT SURVEY,33,24120,Port Graham Section,241-20-10550,Port Graham River,,8/11/2020,NOT REQUIRED,HOMER,96,94,94,0,0,0,0,0,,,,,,,,,,,,,,,,,,,,,,,,,,,,,,,,,,,,,,,,,,,
20PSD074P,2020,ADFG,Southern (Lower Cook Inlet) Purse Seine,PINK,COMMERCIAL COM PROP,33,24107,Tutka Bay Subdistrict,,,TRADITIONAL,8/10/2020,PURSE SEINE,HOMER,94,93,14,79,78,1,0,0,,,,,43,17,10,7,,,,,,,,1,,,,,1,,,,,,,,,,,,,,,,,,,,,,
20PSD072P,2020,ADFG,Southern (Lower Cook Inlet) Purse Seine,PINK,COMMERCIAL COM PROP,32,24106,Tutka Bay Subdistrict,,,TRADITIONAL,8/7/2020,PURSE SEINE,HOMER,84,83,7,76,75,1,0,0,,,,,42,9,18,5,,,,,,,,1,,,,,1,,,,,,,,,,,,,,,,,,,,,,
20PSD073P,2020,ADFG,Southern (Lower Cook Inlet) Purse Seine,PINK,COMMERCIAL COM PROP,32,24107,Tutka Bay Subdistrict,,,TRADITIONAL,8/7/2020,PURSE SEINE,HOMER,96,95,7,88,87,1,0,0,,,,,49,22,12,4,,,,,,,,,,,,,,,,,,,,,,,,,,,,,,1,,,,,
20HMO102P,2020,ADFG,,PINK,ESCAPEMENT SURVEY,32,24116,Halibut Cove Subdistrict,242-10-10220,Port Chatham Creeks,,8/7/2020,NOT REQUIRED,HOMER,18,18,18,0,0,0,0,0,,,,,,,,,,,,,,,,,,,,,,,,,,,,,,,,,,,,,,,,,,,
20HMO101P,2020,ADFG,,PINK,ESCAPEMENT SURVEY,32,24116,Halibut Cove Subdistrict,242-42-10460,Port Dick Creek,,8/4/2020,NOT REQUIRED,HOMER,45,44,44,0,0,0,0,0,,,,,,,,,,,,,,,,,,,,,,,,,,,,,,,,,,,,,,,,,,,
20PSD069P,2020,ADFG,Southern (Lower Cook Inlet) Purse Seine,PINK,COMMERCIAL COM PROP,32,24106,Tutka Bay Subdistrict,,,TRADITIONAL,8/3/2020,PURSE SEINE,HOMER,96,94,4,90,90,0,0,0,,,,,48,19,20,3,,,,,,,,,,,,,,,,,,,,,,,,,,,,,,,,,,,
20HMS100P,2020,ADFG,,PINK,ESCAPEMENT SURVEY,32,24118,Barabara Creek Subdistrict,241-11-10800,Barabara Creek,,8/3/2020,NOT REQUIRED,HOMER,36,36,36,0,0,0,0,0,,,,,,,,,,,,,,,,,,,,,,,,,,,,,,,,,,,,,,,,,,,
20PSD066P,2020,ADFG,Southern (Lower Cook Inlet) Purse Seine,PINK,COMMERCIAL COM PROP,31,24107,Tutka Bay Subdistrict,,,TRADITIONAL,7/31/2020,PURSE SEINE,HOMER,64,63,4,59,59,0,0,0,,,,,36,10,9,4,,,,,,,,,,,,,,,,,,,,,,,,,,,,,,,,,,,
20PSD067P,2020,ADFG,Southern (Lower Cook Inlet) Purse Seine,PINK,COMMERCIAL COM PROP,31,24107,Tutka Bay Subdistrict,,,TRADITIONAL,7/31/2020,PURSE SEINE,HOMER,49,49,3,46,46,0,0,0,,,,,20,7,17,2,,,,,,,,,,,,,,,,,,,,,,,,,,,,,,,,,,,
20GMX061P,2020,ADFG,Southern (Lower Cook Inlet) Set Gillnet,PINK,COMMERCIAL COM PROP,31,241061718,Iniskin Bay Subdistrict,,,TRADITIONAL,7/29/2020,SET GILLNET,HOMER,96,92,26,66,63,3,0,0,,,,,38,4,9,3,,,,,,,,9,,,,,,,,,,,,,,,,,2,,,,,1,,,,,
20GBT065P,2020,ADFG,Southern (Lower Cook Inlet) Set Gillnet,PINK,COMMERCIAL COM PROP,31,2410618,Iniskin Bay Subdistrict,,,TRADITIONAL,7/29/2020,SET GILLNET,HOMER,96,95,34,61,59,1,1,0,,,,,28,,18,5,,,,,,,,8,,,,,,,,,,,,,,,,,1,,,,,,,,,1,
20PSD060P,2020,ADFG,Southern (Lower Cook Inlet) Purse Seine,PINK,COMMERCIAL COM PROP,31,24107,Tutka Bay Subdistrict,,,TRADITIONAL,7/27/2020,PURSE SEINE,HOMER,96,95,11,84,84,0,0,0,,,,,46,6,16,16,,,,,,,,,,,,,,,,,,,,,,,,,,,,,,,,,,,
20PSD057P,2020,ADFG,Southern (Lower Cook Inlet) Purse Seine,PINK,COMMERCIAL COM PROP,30,24106,Tutka Bay Subdistrict,,,TRADITIONAL,7/24/2020,PURSE SEINE,HOMER,52,50,0,50,48,2,0,0,,,,,14,13,15,6,,,,,,,,,,,,,2,,,,,,,,,,,,,,,,,,,,,,
20PSD058P,2020,ADFG,Southern (Lower Cook Inlet) Purse Seine,PINK,COMMERCIAL COM PROP,30,24106,Tutka Bay Subdistrict,,,TRADITIONAL,7/24/2020,PURSE SEINE,HOMER,59,58,0,58,57,1,0,0,,,,,26,14,10,7,,,,,,,,,,,,,1,,,,,,,,,,,,,,,,,,,,,,
20GBT050P,2020,ADFG,Southern (Lower Cook Inlet) Set Gillnet,PINK,COMMERCIAL COM PROP,30,241061718,Iniskin Bay Subdistrict,,,TRADITIONAL,7/22/2020,SET GILLNET,HOMER,82,81,48,33,27,6,0,0,,,,,12,1,5,2,,,,,,,,7,,,,,,,,,,,,,,,,,6,,,,,,,,,,
20GMX053P,2020,ADFG,Southern (Lower Cook Inlet) Set Gillnet,PINK,COMMERCIAL COM PROP,30,2410618,Iniskin Bay Subdistrict,,,TRADITIONAL,7/22/2020,SET GILLNET,HOMER,96,95,51,44,34,10,0,0,,,,,10,3,8,4,,,,,,,,9,,,,,,,,,,,1,,,,,,9,,,,,,,,,,
20GMX055P,2020,ADFG,Southern (Lower Cook Inlet) Set Gillnet,PINK,COMMERCIAL COM PROP,30,2410618,Iniskin Bay Subdistrict,,,TRADITIONAL,7/22/2020,SET GILLNET,HOMER,96,94,52,42,28,14,0,0,,,,,6,2,11,2,,,,,,,,7,,,,,,,,,,,,,,,,,13,,,,,1,,,,,
20PSD048P,2020,ADFG,Southern (Lower Cook Inlet) Purse Seine,PINK,COMMERCIAL COM PROP,30,24191,Neptune Bay Section,,,TRADITIONAL,7/20/2020,PURSE SEINE,HOMER,33,31,6,25,25,0,0,0,,,,,15,2,4,4,,,,,,,,,,,,,,,,,,,,,,,,,,,,,,,,,,,
20PSD046P,2020,ADFG,Southern (Lower Cook Inlet) Purse Seine,PINK,COMMERCIAL COM PROP,30,24191,Neptune Bay Section,,,TRADITIONAL,7/20/2020,PURSE SEINE,HOMER,21,20,4,16,16,0,0,0,,,,,9,1,5,1,,,,,,,,,,,,,,,,,,,,,,,,,,,,,,,,,,,
20PSD042P,2020,ADFG,Southern (Lower Cook Inlet) Purse Seine,PINK,COMMERCIAL COM PROP,29,24106,Tutka Bay Subdistrict,,,TRADITIONAL,7/17/2020,PURSE SEINE,HOMER,37,36,1,35,35,0,0,0,,,,,22,,6,7,,,,,,,,,,,,,,,,,,,,,,,,,,,,,,,,,,,
20PSD043P,2020,ADFG,Southern (Lower Cook Inlet) Purse Seine,PINK,COMMERCIAL COM PROP,29,24106,Tutka Bay Subdistrict,,,TRADITIONAL,7/17/2020,PURSE SEINE,HOMER,9,9,2,7,7,0,0,0,,,,,1,1,3,2,,,,,,,,,,,,,,,,,,,,,,,,,,,,,,,,,,,
20PSD044P,2020,ADFG,Southern (Lower Cook Inlet) Purse Seine,PINK,COMMERCIAL COM PROP,29,24191,Neptune Bay Section,,,TRADITIONAL,7/17/2020,PURSE SEINE,HOMER,6,6,1,5,5,0,0,0,,,,,3,,,2,,,,,,,,,,,,,,,,,,,,,,,,,,,,,,,,,,,
20GMX037P,2020,ADFG,Southern (Lower Cook Inlet) Set Gillnet,PINK,COMMERCIAL COM PROP,29,241061718,Iniskin Bay Subdistrict,,,TRADITIONAL,7/15/2020,SET GILLNET,HOMER,96,95,23,72,66,6,0,0,,,,,18,6,30,12,,,,,,,,,,,,,1,,,,,,2,,,,,,3,,,,,,,,,,
20GMX038P,2020,ADFG,Southern (Lower Cook Inlet) Set Gillnet,PINK,COMMERCIAL COM PROP,29,2410618,Iniskin Bay Subdistrict,,,TRADITIONAL,7/15/2020,SET GILLNET,HOMER,72,71,15,56,56,0,0,0,,,,,17,1,24,14,,,,,,,,,,,,,,,,,,,,,,,,,,,,,,,,,,,
20GBT027P,2020,ADFG,Southern (Lower Cook Inlet) Set Gillnet,PINK,COMMERCIAL COM PROP,28,241061718,Iniskin Bay Subdistrict,,,TRADITIONAL,7/8/2020,SET GILLNET,HOMER,96,93,37,56,33,23,0,0,,,,,7,1,18,7,,,,,,,,,,,,,1,,,,,,,,,,,,22,,,,,,,,,,
20GMX028P,2020,ADFG,Southern (Lower Cook Inlet) Set Gillnet,PINK,COMMERCIAL COM PROP,28,2410618,Iniskin Bay Subdistrict,,,TRADITIONAL,7/8/2020,SET GILLNET,HOMER,53,50,33,17,4,13,0,0,,,,,1,1,1,1,,,,,,,,,,,,,,,,,,,,,,,,,13,,,,,,,,,,
19HMS165P,2019,ADFG,,PINK,ESCAPEMENT SURVEY,39,24130,English Bay Section,241-30-10500,English Bay Lakes,,9/24/2019,NOT REQUIRED,HOMER,132,132,129,3,2,1,0,0,,,,,,,,,,,,,,2,,,,,,1,,,,,,,,,,,,,,,,,,,,,,,
19HMS162P,2019,ADFG,,PINK,ESCAPEMENT SURVEY,39,24192,China Poot SHA,241-15-10370,China Poot Creek,,9/23/2019,NOT REQUIRED,HOMER,76,73,72,1,0,1,0,0,,,,,,,,,,,,,,,,,,,,,,,,,,1,,,,,,,,,,,,,,,,,
19HMS160P,2019,ADFG,,PINK,ESCAPEMENT SURVEY,37,24120,Port Graham Section,241-20-10550,Port Graham River,,9/13/2019,NOT REQUIRED,HOMER,140,140,120,20,13,7,0,0,,,,,,,,,,,,,,13,,,,,,1,,,,,,3,,,,,,,,,,,3,,,,,,
19HMO157P,2019,ADFG,,PINK,ESCAPEMENT SURVEY,37,23201,Koyuktolik (Dogfish) Subdistrict,241-40-10320,Dogfish Lagoon Creeks,,9/11/2019,NOT REQUIRED,HOMER,55,53,36,17,1,16,0,0,,,,,,,,,,,,,,1,,,,,,3,,,,,,10,,,,,,1,,,,,2,,,,,,
19HMO158P,2019,ADFG,,PINK,ESCAPEMENT SURVEY,37,23201,Koyuktolik (Dogfish) Subdistrict,241-40-10325,Dogfish Lagoon Creeks,,9/11/2019,NOT REQUIRED,HOMER,55,55,36,19,0,19,0,0,,,,,,,,,,,,,,,,,,,,12,,,,,,3,,,,,,,,,,,4,,,,,,
19HMO159P,2019,ADFG,,PINK,ESCAPEMENT SURVEY,37,23201,Koyuktolik (Dogfish) Subdistrict,241-40-10300,Dogfish Lagoon Creeks,,9/11/2019,NOT REQUIRED,HOMER,55,55,39,16,2,14,0,0,,,,,,,,,,,,,,2,,,,,,6,,,,,,4,,,,,,,,,,,4,,,,,,
19HMS163P,2019,ADFG,,PINK,ESCAPEMENT SURVEY,37,24130,English Bay Section,241-30-10500,English Bay Lakes,,9/11/2019,NOT REQUIRED,HOMER,144,140,113,27,2,23,2,0,,,,,,,,,,,,,,2,,,,,,7,,,,,,7,,,,,,,,,,,9,,,,2,,
19HMS155P,2019,ADFG,,PINK,ESCAPEMENT SURVEY,37,24117,Seldovia Bay Subdistrict,241-11-10730,Seldovia River,,9/10/2019,NOT REQUIRED,HOMER,141,140,109,31,10,21,0,0,,,,,,,,,,,,,,10,,,,,,6,,,,,,11,,,,,,,,,,,4,,,,,,
19HMS151P,2019,ADFG,,PINK,ESCAPEMENT SURVEY,37,24107,Tutka Bay Subdistrict,241-16-10090,Tutka Creek,,9/9/2019,NOT REQUIRED,HOMER,136,135,31,104,98,6,0,0,,,80,17,,,,,,,,,,1,,,,,,1,,,,,,2,,,,,,,,,,,3,,,,,,
19HMS153P,2019,ADFG,,PINK,ESCAPEMENT SURVEY,37,24192,China Poot SHA,241-15-10370,China Poot Creek,,9/9/2019,NOT REQUIRED,HOMER,120,120,119,1,0,1,0,0,,,,,,,,,,,,,,,,,,,,,,,,,,1,,,,,,,,,,,,,,,,,
19HMS149P,2019,ADFG,,PINK,ESCAPEMENT SURVEY,36,24114,Humpy Creek Subdistrict,241-14-10510,Humpy Creek,,9/6/2019,NOT REQUIRED,HOMER,138,136,133,3,0,3,0,0,,,,,,,,,,,,,,,,,,,,1,,,,,,2,,,,,,,,,,,,,,,,,
19HMO147P,2019,ADFG,,PINK,ESCAPEMENT SURVEY,36,23213,Port Dick Island Creek Section,242-42-10430,Island Creek,,9/5/2019,NOT REQUIRED,HOMER,142,142,108,34,0,34,0,0,,,,,,,,,,,,,,,,,,,,21,,,,,,8,,,,,,,,,,,5,,,,,,
19HMS145P,2019,ADFG,,PINK,ESCAPEMENT SURVEY,36,24117,Seldovia Bay Subdistrict,241-11-10730,Seldovia River,,9/4/2019,NOT REQUIRED,HOMER,135,130,105,25,9,16,0,0,,,3,1,,,,,,,,,,5,,,,,,6,,,,,,7,,,,,,1,,,,,2,,,,,,
19HMS143P,2019,ADFG,,PINK,ESCAPEMENT SURVEY,36,24118,Barabara Creek Subdistrict,241-11-10800,Barabara Creek,,9/3/2019,NOT REQUIRED,HOMER,135,134,98,36,4,32,0,0,,,2,1,,,,,,,,,,1,,,,,,20,,,,,,4,,,,,,6,,,,,2,,,,,,
19HMO140P,2019,ADFG,,PINK,ESCAPEMENT SURVEY,35,23213,Port Dick Island Creek Section,242-42-10430,Island Creek,,8/30/2019,NOT REQUIRED,HOMER,141,139,122,17,0,17,0,0,,,,,,,,,,,,,,,,,,,,3,,,,,,1,,,,,,12,,,,,1,,,,,,
19HMS142P,2019,ADFG,,PINK,ESCAPEMENT SURVEY,35,24192,China Poot SHA,241-15-10370,China Poot Creek,,8/30/2019,NOT REQUIRED,HOMER,11,11,9,2,0,2,0,0,,,,,,,,,,,,,,,,,,,,,,,,,,,,,,,,2,,,,,,,,,,,
19HMO134P,2019,ADFG,,PINK,ESCAPEMENT SURVEY,35,23202,Port Chatham Subdistrict,242-10-10230,Port Chatham Creeks,,8/29/2019,NOT REQUIRED,HOMER,36,35,32,3,0,3,0,0,,,,,,,,,,,,,,,,,,,,1,,,,,,,,,,,,2,,,,,,,,,,,
19HMO135P,2019,ADFG,,PINK,ESCAPEMENT SURVEY,35,23202,Port Chatham Subdistrict,242-10-10240,Port Chatham Creeks,,8/29/2019,NOT REQUIRED,HOMER,36,36,31,5,1,4,0,0,,,,,,,,,,,,,,1,,,,,,3,,,,,,,,,,,,1,,,,,,,,,,,
19HMO136P,2019,ADFG,,PINK,ESCAPEMENT SURVEY,35,23202,Port Chatham Subdistrict,242-10-10250,Port Chatham Creeks,,8/29/2019,NOT REQUIRED,HOMER,36,36,32,4,0,4,0,0,,,,,,,,,,,,,,,,,,,,1,,,,,,2,,,,,,1,,,,,,,,,,,
19HMO137P,2019,ADFG,,PINK,ESCAPEMENT SURVEY,35,23202,Port Chatham Subdistrict,242-10-10220,Port Chatham Creeks,,8/29/2019,NOT REQUIRED,HOMER,36,36,34,2,0,2,0,0,,,,,,,,,,,,,,,,,,,,1,,,,,,,,,,,,1,,,,,,,,,,,
19HMS138P,2019,ADFG,,PINK,ESCAPEMENT SURVEY,35,24130,English Bay Section,241-30-10500,English Bay Lakes,,8/29/2019,NOT REQUIRED,HOMER,144,135,100,35,1,34,0,0,,,,,,,,,,,,,,1,,,,,,18,,,,,,5,,,,,,5,,,,,6,,,,,,
19HMO130P,2019,ADFG,,PINK,ESCAPEMENT SURVEY,35,23201,Koyuktolik (Dogfish) Subdistrict,241-40-10320,Dogfish Lagoon Creeks,,8/28/2019,NOT REQUIRED,HOMER,48,48,30,18,4,14,0,0,,,1,1,,,,,,,,,,2,,,,,,5,,,,,,2,,,,,,4,,,,,3,,,,,,
19HMO131P,2019,ADFG,,PINK,ESCAPEMENT SURVEY,35,23201,Koyuktolik (Dogfish) Subdistrict,241-40-10325,Dogfish Lagoon Creeks,,8/28/2019,NOT REQUIRED,HOMER,48,47,28,19,3,16,0,0,,,1,,,,,,,,,,,2,,,,,,8,,,,,,,,,,,,7,,,,,1,,,,,,
19HMK133P,2019,ADFG,,PINK,ESCAPEMENT SURVEY,35,23201,Koyuktolik (Dogfish) Subdistrict,241-40-10300,Dogfish Lagoon Creeks,,8/28/2019,NOT REQUIRED,HOMER,48,48,42,6,2,4,0,0,,,,,,,,,,,,,,2,,,,,,2,,,,,,,,,,,,2,,,,,,,,,,,
19HMO132P,2019,ADFG,,PINK,ESCAPEMENT SURVEY,35,24950,McNeil River Subdistrict,243-20-10035,McNeil River,,8/28/2019,NOT REQUIRED,HOMER,96,79,79,0,0,0,0,0,,,,,,,,,,,,,,,,,,,,,,,,,,,,,,,,,,,,,,,,,,,
19HMO128P,2019,ADFG,,PINK,ESCAPEMENT SURVEY,35,23211,Port Dick Head End Section,242-42-10460,Port Dick Creek,,8/27/2019,NOT REQUIRED,HOMER,132,128,126,2,0,2,0,0,,,,,,,,,,,,,,,,,,,,1,,,,,,,,,,,,1,,,,,,,,,,,
19HMS126P,2019,ADFG,,PINK,ESCAPEMENT SURVEY,35,24107,Tutka Bay Subdistrict,241-16-10090,Tutka Creek,,8/26/2019,NOT REQUIRED,HOMER,132,125,16,109,107,2,0,0,,,43,64,,,,,,,,,,,,,,,,,,,,,,,,,,,,1,,,,,1,,,,,,
19HMO124P,2019,ADFG,,PINK,ESCAPEMENT SURVEY,34,23213,Port Dick Island Creek Section,242-42-10430,Island Creek,,8/23/2019,NOT REQUIRED,HOMER,143,143,133,10,0,10,0,0,,,,,,,,,,,,,,,,,,,,,,,,,,,,,,,,10,,,,,,,,,,,
19HMS122P,2019,ADFG,,PINK,ESCAPEMENT SURVEY,34,24114,Humpy Creek Subdistrict,241-14-10510,Humpy Creek,,8/22/2019,NOT REQUIRED,HOMER,138,99,97,2,2,0,0,0,,,1,1,,,,,,,,,,,,,,,,,,,,,,,,,,,,,,,,,,,,,,,
19HMS119P,2019,ADFG,,PINK,ESCAPEMENT SURVEY,34,24117,Seldovia Bay Subdistrict,241-11-10730,Seldovia River,,8/21/2019,NOT REQUIRED,HOMER,139,136,121,15,8,7,0,0,,,5,2,,,,,,,,,,1,,,,,,1,,,,,,,,,,,,6,,,,,,,,,,,
19HMO117P,2019,ADFG,,PINK,ESCAPEMENT SURVEY,34,23211,Port Dick Head End Section,242-42-10460,Port Dick Creek,,8/20/2019,NOT REQUIRED,HOMER,158,156,153,3,0,3,0,0,,,,,,,,,,,,,,,,,,,,,,,,,,,,,,,,3,,,,,,,,,,,
19HMS114P,2019,ADFG,,PINK,ESCAPEMENT SURVEY,34,24120,Port Graham Section,241-20-10550,Port Graham River,,8/19/2019,NOT REQUIRED,HOMER,138,138,129,9,4,5,0,0,,,1,2,,,,,,,,,,,1,,,,,1,,,,,,,,,,,,4,,,,,,,,,,,
19HMS112P,2019,ADFG,,PINK,ESCAPEMENT SURVEY,33,24118,Barabara Creek Subdistrict,241-11-10800,Barabara Creek,,8/15/2019,NOT REQUIRED,HOMER,132,131,99,32,5,27,0,0,,,,5,,,,,,,,,,,,,,,,,,,,,,,,,,,,26,,,,,1,,,,,,
19WBS108P,2019,ADFG,Southern (Lower Cook Inlet) Set Gillnet,PINK,COMMERCIAL COM PROP,33,2410618,Iniskin Bay Subdistrict,,,TRADITIONAL,8/14/2019,SET GILLNET,HOMER,96,95,70,25,15,10,0,0,,,9,1,,,,,,,,,,5,,,,,,4,,,,,,4,,,,,,,,,,,2,,,,,,
19GBT110P,2019,ADFG,,PINK,ESCAPEMENT SURVEY,33,23213,Port Dick Island Creek Section,242-42-10430,Island Creek,,8/14/2019,NOT REQUIRED,HOMER,54,50,46,4,0,4,0,0,,,,,,,,,,,,,,,,,,,,,,,,,,,,,,,,4,,,,,,,,,,,
19HMO111P,2019,ADFG,,PINK,RACK RETURN,33,24107,Tutka Bay Subdistrict,241-16-10090,Tutka Creek,,8/14/2019,NOT REQUIRED,HOMER,96,95,16,79,79,0,0,0,,,30,48,,,,,,,,,,1,,,,,,,,,,,,,,,,,,,,,,,,,,,,,
19HMS116P,2019,ADFG,,PINK,ESCAPEMENT SURVEY,33,23202,Port Chatham Subdistrict,242-10-10230,Port Chatham Creeks,,8/13/2019,NOT REQUIRED,HOMER,36,35,35,0,0,0,0,0,,,,,,,,,,,,,,,,,,,,,,,,,,,,,,,,,,,,,,,,,,,
19HMO104P,2019,ADFG,,PINK,ESCAPEMENT SURVEY,33,23202,Port Chatham Subdistrict,242-10-10220,Port Chatham Creeks,,8/13/2019,NOT REQUIRED,HOMER,36,36,33,3,1,2,0,0,,,,,,,,,,,,,,1,,,,,,,,,,,,,,,,,,2,,,,,,,,,,,
19HMO105P,2019,ADFG,,PINK,ESCAPEMENT SURVEY,33,23202,Port Chatham Subdistrict,242-10-10250,Port Chatham Creeks,,8/13/2019,NOT REQUIRED,HOMER,36,35,35,0,0,0,0,0,,,,,,,,,,,,,,,,,,,,,,,,,,,,,,,,,,,,,,,,,,,
19HMO106P,2019,ADFG,,PINK,ESCAPEMENT SURVEY,33,23202,Port Chatham Subdistrict,242-10-10240,Port Chatham Creeks,,8/13/2019,NOT REQUIRED,HOMER,36,35,34,1,0,1,0,0,,,,,,,,,,,,,,,,,,,,,,,,,,,,,,,,1,,,,,,,,,,,
19HMO107P,2019,ADFG,,PINK,ESCAPEMENT SURVEY,33,24130,English Bay Section,241-30-10500,English Bay Lakes,,8/13/2019,NOT REQUIRED,HOMER,97,95,65,30,3,27,0,0,,,,2,,,,,,,,,,,1,,,,,,,,,,,,,,,,,27,,,,,,,,,,,
19HMS102P,2019,ADFG,,PINK,ESCAPEMENT SURVEY,33,24107,Tutka Bay Subdistrict,241-16-10090,Tutka Creek,,8/12/2019,NOT REQUIRED,HOMER,132,131,24,107,106,1,0,0,,,27,78,,,,,,,,,,,1,,,,,,,,,,,,,,,,,1,,,,,,,,,,,
19HMO100P,2019,ADFG,,PINK,ESCAPEMENT SURVEY,32,23211,Port Dick Head End Section,242-42-10460,Port Dick Creek,,8/9/2019,NOT REQUIRED,HOMER,38,38,38,0,0,0,0,0,,,,,,,,,,,,,,,,,,,,,,,,,,,,,,,,,,,,,,,,,,,
19HMO101P,2019,ADFG,,PINK,ESCAPEMENT SURVEY,32,23211,Port Dick Head End Section,242-42-10460,Port Dick Creek,,8/9/2019,NOT REQUIRED,HOMER,96,94,94,0,0,0,0,0,,,,,,,,,,,,,,,,,,,,,,,,,,,,,,,,,,,,,,,,,,,
19GBT097P,2019,ADFG,Southern (Lower Cook Inlet) Set Gillnet,PINK,COMMERCIAL COM PROP,32,2410618,Iniskin Bay Subdistrict,,,TRADITIONAL,8/7/2019,SET GILLNET,HOMER,96,94,57,37,27,10,0,0,,,22,,,,,,,,,,,5,,,,,,2,,,,,,1,,,,,,5,,,,,2,,,,,,
19HMS098P,2019,ADFG,,PINK,ESCAPEMENT SURVEY,32,24118,Barabara Creek Subdistrict,241-11-10800,Barabara Creek,,8/7/2019,NOT REQUIRED,HOMER,32,30,28,2,1,1,0,0,,,1,,,,,,,,,,,,,,,,,,,,,,,,,,,,,1,,,,,,,,,,,
19HMS099P,2019,ADFG,,PINK,ESCAPEMENT SURVEY,32,24118,Barabara Creek Subdistrict,241-11-10800,Barabara Creek,,8/7/2019,NOT REQUIRED,HOMER,96,96,94,2,1,1,0,0,,,1,,,,,,,,,,,,,,,,,,,,,,,,,,,,,,,,,,1,,,,,,
19HMS090P,2019,ADFG,Southern (Lower Cook Inlet) Purse Seine,PINK,COMMERCIAL COM PROP,32,24115,Halibut Cove Subdistrict,,,TRADITIONAL,8/5/2019,PURSE SEINE,HOMER,3,2,2,0,0,0,0,0,,,,,,,,,,,,,,,,,,,,,,,,,,,,,,,,,,,,,,,,,,,
19PSD092P,2019,ADFG,Southern (Lower Cook Inlet) Purse Seine,PINK,COMMERCIAL COM PROP,32,24115,Halibut Cove Subdistrict,,,TRADITIONAL,8/5/2019,PURSE SEINE,HOMER,27,27,26,1,0,1,0,0,,,,,,,,,,,,,,,,,,,,,,,,,,,,,,,,1,,,,,,,,,,,
19PSD094P,2019,ADFG,,PINK,ESCAPEMENT SURVEY,32,24120,Port Graham Section,242-10-10220,Port Chatham Creeks,,8/5/2019,NOT REQUIRED,HOMER,47,45,45,0,0,0,0,0,,,,,,,,,,,,,,,,,,,,,,,,,,,,,,,,,,,,,,,,,,,
19PSD089P,2019,ADFG,Southern (Lower Cook Inlet) Purse Seine,PINK,COMMERCIAL COM PROP,31,24106,Tutka Bay Subdistrict,,,TRADITIONAL,8/2/2019,PURSE SEINE,HOMER,89,88,37,51,47,4,0,0,,,46,,,,,,,,,,,1,,,,,,,,,,,,,,,,,,4,,,,,,,,,,,
19HMS087P,2019,ADFG,,PINK,ESCAPEMENT SURVEY,31,24114,Humpy Creek Subdistrict,241-14-10510,Humpy Creek,,8/1/2019,NOT REQUIRED,HOMER,13,13,13,0,0,0,0,0,,,,,,,,,,,,,,,,,,,,,,,,,,,,,,,,,,,,,,,,,,,
19GSD086P,2019,ADFG,Southern (Lower Cook Inlet) Set Gillnet,PINK,COMMERCIAL COM PROP,31,24100,Southern District,,,TRADITIONAL,7/31/2019,SET GILLNET,HOMER,96,96,49,47,40,7,0,0,,,38,,,,,,,,,,,2,,,,,,1,,,,,,,,,,,,6,,,,,,,,,,,
19PSD076P,2019,ADFG,Southern (Lower Cook Inlet) Purse Seine,PINK,COMMERCIAL COM PROP,30,24190,China Poot Section,,,TRADITIONAL,7/26/2019,PURSE SEINE,HOMER,10,9,9,0,0,0,0,0,,,,,,,,,,,,,,,,,,,,,,,,,,,,,,,,,,,,,,,,,,,
19PSD074P,2019,ADFG,Southern (Lower Cook Inlet) Purse Seine,PINK,COMMERCIAL COM PROP,30,24193,Hazel Lake SHA,,,TRADITIONAL,7/26/2019,PURSE SEINE,HOMER,34,34,28,6,6,0,0,0,,,6,,,,,,,,,,,,,,,,,,,,,,,,,,,,,,,,,,,,,,,,
19PSD066P,2019,ADFG,Southern (Lower Cook Inlet) Purse Seine,PINK,COMMERCIAL COM PROP,30,24106,Tutka Bay Subdistrict,,,TRADITIONAL,7/22/2019,PURSE SEINE,HOMER,78,76,36,40,40,0,0,0,,,39,1,,,,,,,,,,,,,,,,,,,,,,,,,,,,,,,,,,,,,,,
19PSD068P,2019,ADFG,Southern (Lower Cook Inlet) Purse Seine,PINK,COMMERCIAL COM PROP,30,24193,Hazel Lake SHA,,,TRADITIONAL,7/22/2019,PURSE SEINE,HOMER,26,26,24,2,2,0,0,0,,,1,1,,,,,,,,,,,,,,,,,,,,,,,,,,,,,,,,,,,,,,,
19PSD057P,2019,ADFG,Southern (Lower Cook Inlet) Purse Seine,PINK,COMMERCIAL COM PROP,29,24106,Tutka Bay Subdistrict,,,TRADITIONAL,7/19/2019,PURSE SEINE,HOMER,28,28,14,14,14,0,0,0,,,11,3,,,,,,,,,,,,,,,,,,,,,,,,,,,,,,,,,,,,,,,
19PSD059P,2019,ADFG,Southern (Lower Cook Inlet) Purse Seine,PINK,COMMERCIAL COM PROP,29,24106,Tutka Bay Subdistrict,,,TRADITIONAL,7/19/2019,PURSE SEINE,HOMER,78,76,25,51,51,0,0,0,,,42,9,,,,,,,,,,,,,,,,,,,,,,,,,,,,,,,,,,,,,,,
19PSD061P,2019,ADFG,Southern (Lower Cook Inlet) Purse Seine,PINK,COMMERCIAL COM PROP,29,24193,Hazel Lake SHA,,,TRADITIONAL,7/19/2019,PURSE SEINE,HOMER,37,37,29,8,8,0,0,0,,,8,,,,,,,,,,,,,,,,,,,,,,,,,,,,,,,,,,,,,,,,
19PSD048P,2019,ADFG,Southern (Lower Cook Inlet) Purse Seine,PINK,COMMERCIAL COM PROP,29,24190,China Poot Section,,,TRADITIONAL,7/15/2019,PURSE SEINE,HOMER,20,20,20,0,0,0,0,0,,,,,,,,,,,,,,,,,,,,,,,,,,,,,,,,,,,,,,,,,,,
19PSD050P,2019,ADFG,Southern (Lower Cook Inlet) Purse Seine,PINK,COMMERCIAL COM PROP,29,24190,China Poot Section,,,TRADITIONAL,7/15/2019,PURSE SEINE,HOMER,19,19,19,0,0,0,0,0,,,,,,,,,,,,,,,,,,,,,,,,,,,,,,,,,,,,,,,,,,,
19PSD052P,2019,ADFG,Southern (Lower Cook Inlet) Purse Seine,PINK,COMMERCIAL COM PROP,29,24193,Hazel Lake SHA,,,TRADITIONAL,7/15/2019,PURSE SEINE,HOMER,16,16,16,0,0,0,0,0,,,,,,,,,,,,,,,,,,,,,,,,,,,,,,,,,,,,,,,,,,,
19PSD041P,2019,ADFG,Southern (Lower Cook Inlet) Purse Seine,PINK,COMMERCIAL COM PROP,28,24191,Neptune Bay Section,,,TRADITIONAL,7/12/2019,PURSE SEINE,HOMER,43,41,36,5,5,0,0,0,,,3,2,,,,,,,,,,,,,,,,,,,,,,,,,,,,,,,,,,,,,,,
19PSD043P,2019,ADFG,Southern (Lower Cook Inlet) Purse Seine,PINK,COMMERCIAL COM PROP,28,24193,Hazel Lake SHA,,,TRADITIONAL,7/12/2019,PURSE SEINE,HOMER,11,10,9,1,1,0,0,0,,,1,,,,,,,,,,,,,,,,,,,,,,,,,,,,,,,,,,,,,,,,
19PSD045P,2019,ADFG,Southern (Lower Cook Inlet) Purse Seine,PINK,COMMERCIAL COM PROP,28,24193,Hazel Lake SHA,,,TRADITIONAL,7/12/2019,PURSE SEINE,HOMER,18,15,14,1,1,0,0,0,,,1,,,,,,,,,,,,,,,,,,,,,,,,,,,,,,,,,,,,,,,,
19PSD030P,2019,ADFG,Southern (Lower Cook Inlet) Purse Seine,PINK,COMMERCIAL COM PROP,28,24115,Halibut Cove Subdistrict,,,TRADITIONAL,7/8/2019,PURSE SEINE,HOMER,19,19,19,0,0,0,0,0,,,,,,,,,,,,,,,,,,,,,,,,,,,,,,,,,,,,,,,,,,,
19PSD032P,2019,ADFG,Southern (Lower Cook Inlet) Purse Seine,PINK,COMMERCIAL COM PROP,28,24190,China Poot Section,,,TRADITIONAL,7/8/2019,PURSE SEINE,HOMER,38,37,37,0,0,0,0,0,,,,,,,,,,,,,,,,,,,,,,,,,,,,,,,,,,,,,,,,,,,
19PSD034P,2019,ADFG,Southern (Lower Cook Inlet) Purse Seine,PINK,COMMERCIAL COM PROP,28,24190,China Poot Section,,,TRADITIONAL,7/8/2019,PURSE SEINE,HOMER,29,28,24,4,4,0,0,0,,,2,2,,,,,,,,,,,,,,,,,,,,,,,,,,,,,,,,,,,,,,,
19PSD026P,2019,ADFG,Southern (Lower Cook Inlet) Purse Seine,PINK,COMMERCIAL COM PROP,27,24191,Neptune Bay Section,,,TRADITIONAL,7/5/2019,PURSE SEINE,HOMER,8,7,4,3,3,0,0,0,,,2,1,,,,,,,,,,,,,,,,,,,,,,,,,,,,,,,,,,,,,,,
18ESCP36,2018,ADFG,,PINK,ESCAPEMENT SURVEY,38,241,Outer District,241-11-10730,Seldovia River,,9/18/2018,NOT REQUIRED,HOMER,96,95,90,5,5,0,0,0,1,,,,,,,,,,,,4,,,,,,,,,,,,,,,,,,,,,,,,,,,,,,
18ESCP37,2018,ADFG,,PINK,ESCAPEMENT SURVEY,38,241,Outer District,241-11-10730,Seldovia River,,9/18/2018,NOT REQUIRED,HOMER,4,4,4,0,0,0,0,0,,,,,,,,,,,,,,,,,,,,,,,,,,,,,,,,,,,,,,,,,,,
18ESCP26,2018,ADFG,,PINK,ESCAPEMENT SURVEY,37,241,Outer District,241-11-10800,Barabara Creek,,9/13/2018,NOT REQUIRED,HOMER,11,11,5,5,1,4,0,0,1,,,,,,,,,,,,,,,,,,1,,,,,,,,,,,,2,,,,,1,,,,,,,
18ESCP31,2018,ADFG,,PINK,ESCAPEMENT SURVEY,37,241,Outer District,241-14-10510,Humpy Creek,,9/12/2018,NOT REQUIRED,HOMER,96,96,93,0,0,0,0,0,,,,,,,,,,,,,,,,,,,,,,,,,,,,,,,,,,,,,,,,,,,
18ESCP32,2018,ADFG,,PINK,ESCAPEMENT SURVEY,37,241,Outer District,241-14-10510,Humpy Creek,,9/12/2018,NOT REQUIRED,HOMER,4,4,4,0,0,0,0,0,,,,,,,,,,,,,,,,,,,,,,,,,,,,,,,,,,,,,,,,,,,
18ESCP16,2018,ADFG,,PINK,ESCAPEMENT SURVEY,37,232,Outer District,242-42-10430,Island Creek,,9/11/2018,NOT REQUIRED,HOMER,76,76,74,2,1,1,0,0,1,,,,,,,,,,,,,,,,,,,,,,,,1,,,,,,,,,,,,,,,,,,
18ESCP18,2018,ADFG,,PINK,ESCAPEMENT SURVEY,37,241,Outer District,241-30-10500,English Bay Lakes,,9/10/2018,NOT REQUIRED,HOMER,4,4,4,0,0,0,0,0,,,,,,,,,,,,,,,,,,,,,,,,,,,,,,,,,,,,,,,,,,,
18ESCP19,2018,ADFG,,PINK,ESCAPEMENT SURVEY,37,241,Outer District,241-30-10500,English Bay Lakes,,9/10/2018,NOT REQUIRED,HOMER,96,96,91,3,0,3,0,0,,,,,,,,,,,,,,,,,,,2,,,,,,1,,,,,,,,,,,,,,,,,,
18ESCP34,2018,ADFG,,PINK,ESCAPEMENT SURVEY,37,241,Outer District,241-15-10370,China Poot Creek,,9/10/2018,NOT REQUIRED,HOMER,4,4,4,0,0,0,0,0,,,,,,,,,,,,,,,,,,,,,,,,,,,,,,,,,,,,,,,,,,,
18ESCP35,2018,ADFG,,PINK,ESCAPEMENT SURVEY,37,241,Outer District,241-15-10370,China Poot Creek,,9/10/2018,NOT REQUIRED,HOMER,96,96,95,0,0,0,0,0,,,,,,,,,,,,,,,,,,,,,,,,,,,,,,,,,,,,,,,,,,,
18ESCP29,2018,ADFG,,PINK,ESCAPEMENT SURVEY,36,232,Outer District,241-40-10300,Dogfish Lagoon Creeks,,9/7/2018,NOT REQUIRED,HOMER,96,96,59,35,18,17,0,0,,1,,,,,,,,,,,17,,,,,,15,,,,,,2,,,,,,,,,,,,,,,,,,
18ESCP30,2018,ADFG,,PINK,ESCAPEMENT SURVEY,36,232,Outer District,241-40-10300,Dogfish Lagoon Creeks,,9/7/2018,NOT REQUIRED,HOMER,4,4,3,1,1,0,0,0,,,,,,,,,,,,,1,,,,,,,,,,,,,,,,,,,,,,,,,,,,,,
18ESCP20,2018,ADFG,,PINK,ESCAPEMENT SURVEY,36,232,Outer District,242-10-10230,Port Chatham Creeks,,9/6/2018,NOT REQUIRED,HOMER,96,96,69,25,23,2,0,0,,,,,,,,,,,,,23,,,,,,2,,,,,,,,,,,,,,,,,,,,,,,,
18ESCP21,2018,ADFG,,PINK,ESCAPEMENT SURVEY,36,232,Outer District,242-10-10230,Port Chatham Creeks,,9/6/2018,NOT REQUIRED,HOMER,4,4,3,1,0,1,0,0,,,,,,,,,,,,,,,,,,,,,,,,,,,,,,,1,,,,,,,,,,,,
18PSD45P,2018,ADFG,Southern (Lower Cook Inlet) Purse Seine,PINK,COMMERCIAL COM PROP,36,24190,China Poot Section,,,TRADITIONAL,9/5/2018,PURSE SEINE,HOMER,96,96,5,88,88,0,0,0,9,79,,,,,,,,,,,,,,,,,,,,,,,,,,,,,,,,,,,,,,,,,
18ESCP22,2018,ADFG,,PINK,ESCAPEMENT SURVEY,36,232,Outer District,242-42-10460,Port Dick Creek,,9/5/2018,NOT REQUIRED,HOMER,96,96,95,1,0,1,0,0,,,,,,,,,,,,,,,,,,,,,,,,,1,,,,,,,,,,,,,,,,,,
18ESCP23,2018,ADFG,,PINK,ESCAPEMENT SURVEY,36,232,Outer District,242-42-10460,Port Dick Creek,,9/5/2018,NOT REQUIRED,HOMER,4,4,4,0,0,0,0,0,,,,,,,,,,,,,,,,,,,,,,,,,,,,,,,,,,,,,,,,,,,
18ESCP27,2018,ADFG,,PINK,ESCAPEMENT SURVEY,36,241,Outer District,241-20-10550,Port Graham River,,9/4/2018,NOT REQUIRED,HOMER,96,96,89,7,5,2,0,0,,1,,,,,,,,,,,4,,,,,,1,,,,,,1,,,,,,,,,,,,,,,,,,
18ESCP28,2018,ADFG,,PINK,ESCAPEMENT SURVEY,36,241,Outer District,241-20-10550,Port Graham River,,9/4/2018,NOT REQUIRED,HOMER,4,4,4,0,0,0,0,0,,,,,,,,,,,,,,,,,,,,,,,,,,,,,,,,,,,,,,,,,,,
18ESCP15,2018,ADFG,,PINK,ESCAPEMENT SURVEY,35,232,Outer District,242-42-10430,Island Creek,,8/29/2018,NOT REQUIRED,HOMER,30,30,24,5,2,3,0,0,1,1,,,,,,,,,,,,,,,,,1,,,,,,2,,,,,,,,,,,,,,,,,,
18ESCP24,2018,ADFG,,PINK,ESCAPEMENT SURVEY,35,241,Outer District,241-16-10090,Tutka Creek,,8/28/2018,NOT REQUIRED,HOMER,96,96,0,95,95,0,0,0,70,25,,,,,,,,,,,,,,,,,,,,,,,,,,,,,,,,,,,,,,,,,
18ESCP25,2018,ADFG,,PINK,ESCAPEMENT SURVEY,35,241,Outer District,241-16-10090,Tutka Creek,,8/28/2018,NOT REQUIRED,HOMER,7,7,0,7,7,0,0,0,6,1,,,,,,,,,,,,,,,,,,,,,,,,,,,,,,,,,,,,,,,,,
18ESCP33,2018,ADFG,,PINK,ESCAPEMENT SURVEY,35,241,Outer District,241-15-10370,China Poot Creek,,8/27/2018,NOT REQUIRED,HOMER,63,63,57,4,2,2,0,0,2,,,,,,,,,,,,,,,,,,1,,,,,,,,,,,,,,,,,1,,,,,,,
18ESCP13,2018,ADFG,,PINK,ESCAPEMENT SURVEY,34,232,Outer District,242-10-10230,Port Chatham Creeks,,8/24/2018,NOT REQUIRED,HOMER,5,5,4,1,1,0,0,0,1,,,,,,,,,,,,,,,,,,,,,,,,,,,,,,,,,,,,,,,,,,
18ESCP14,2018,ADFG,,PINK,ESCAPEMENT SURVEY,34,232,Outer District,242-42-10460,Port Dick Creek,,8/24/2018,NOT REQUIRED,HOMER,96,96,96,0,0,0,0,0,,,,,,,,,,,,,,,,,,,,,,,,,,,,,,,,,,,,,,,,,,,
18ESCP11,2018,ADFG,,PINK,ESCAPEMENT SURVEY,34,232,Outer District,242-10-10230,Port Chatham Creeks,,8/23/2018,NOT REQUIRED,HOMER,96,96,88,8,8,0,0,0,,,,,,,,,,,,,8,,,,,,,,,,,,,,,,,,,,,,,,,,,,,,
18ESCP12,2018,ADFG,,PINK,ESCAPEMENT SURVEY,34,241,Outer District,241-30-10500,English Bay Lakes,,8/23/2018,NOT REQUIRED,HOMER,50,50,38,12,0,12,0,0,,,,,,,,,,,,,,,,,,,1,,,,,,,,,,,,11,,,,,,,,,,,,
18ESCP17,2018,ADFG,,PINK,ESCAPEMENT SURVEY,34,249,Outer District,243-20-10035,McNeil River,,8/22/2018,NOT REQUIRED,HOMER,96,96,92,2,2,0,0,0,,2,,,,,,,,,,,,,,,,,,,,,,,,,,,,,,,,,,,,,,,,,
18ESCP09,2018,ADFG,,PINK,ESCAPEMENT SURVEY,34,241,Outer District,241-11-10800,Barabara Creek,,8/21/2018,NOT REQUIRED,HOMER,96,96,90,3,1,2,0,0,,,,,,,,,,,,,1,,,,,,,,,,,,,,,,,,2,,,,,,,,,,,,
18ESCP10,2018,ADFG,,PINK,ESCAPEMENT SURVEY,34,241,Outer District,241-11-10800,Barabara Creek,,8/21/2018,NOT REQUIRED,HOMER,96,96,94,1,1,0,0,0,1,,,,,,,,,,,,,,,,,,,,,,,,,,,,,,,,,,,,,,,,,,
18ESCP08,2018,ADFG,,PINK,ESCAPEMENT SURVEY,34,241,Outer District,241-14-10510,Humpy Creek,,8/20/2018,NOT REQUIRED,HOMER,96,96,95,0,0,0,0,0,,,,,,,,,,,,,,,,,,,,,,,,,,,,,,,,,,,,,,,,,,,
18PSD42P,2018,ADFG,Southern (Lower Cook Inlet) Purse Seine,PINK,COMMERCIAL COM PROP,33,24107,Tutka Bay Subdistrict,,,TRADITIONAL,8/17/2018,PURSE SEINE,HOMER,96,96,11,84,82,2,0,0,24,58,,,,,,,,,,,,,,,,,1,,,,,,1,,,,,,,,,,,,,,,,,,
18PSD43P,2018,ADFG,Southern (Lower Cook Inlet) Purse Seine,PINK,COMMERCIAL COM PROP,33,24190,China Poot Section,,,TRADITIONAL,8/17/2018,PURSE SEINE,HOMER,9,9,7,2,2,0,0,0,1,1,,,,,,,,,,,,,,,,,,,,,,,,,,,,,,,,,,,,,,,,,
18ESCP07,2018,ADFG,,PINK,ESCAPEMENT SURVEY,33,241,Outer District,241-11-10730,Seldovia River,,8/17/2018,NOT REQUIRED,HOMER,96,96,93,1,1,0,0,0,1,,,,,,,,,,,,,,,,,,,,,,,,,,,,,,,,,,,,,,,,,,
18ESCP06,2018,ADFG,,PINK,ESCAPEMENT SURVEY,33,241,Outer District,241-14-10510,Humpy Creek,,8/16/2018,NOT REQUIRED,HOMER,96,96,94,0,0,0,0,0,,,,,,,,,,,,,,,,,,,,,,,,,,,,,,,,,,,,,,,,,,,
18PSD40P,2018,ADFG,Southern (Lower Cook Inlet) Purse Seine,PINK,COMMERCIAL COM PROP,33,24107,Tutka Bay Subdistrict,,,TRADITIONAL,8/15/2018,PURSE SEINE,HOMER,82,82,14,66,66,0,0,0,9,56,,,,,,,,,,,1,,,,,,,,,,,,,,,,,,,,,,,,,,,,,,
18PSD41P,2018,ADFG,Southern (Lower Cook Inlet) Purse Seine,PINK,COMMERCIAL COM PROP,33,24107,Tutka Bay Subdistrict,,,TRADITIONAL,8/15/2018,PURSE SEINE,HOMER,96,96,11,83,83,0,0,0,17,66,,,,,,,,,,,,,,,,,,,,,,,,,,,,,,,,,,,,,,,,,
18ESCP05,2018,ADFG,,PINK,ESCAPEMENT SURVEY,33,232,Outer District,241-40-10300,Dogfish Lagoon Creeks,,8/15/2018,NOT REQUIRED,HOMER,33,33,32,1,1,0,0,0,1,,,,,,,,,,,,,,,,,,,,,,,,,,,,,,,,,,,,,,,,,,
18PSD38P,2018,ADFG,Southern (Lower Cook Inlet) Purse Seine,PINK,COMMERCIAL COM PROP,32,24120,Port Graham Section,,,TRADITIONAL,8/10/2018,PURSE SEINE,HOMER,81,80,35,45,45,0,0,0,,1,,,,,,,,,,,44,,,,,,,,,,,,,,,,,,,,,,,,,,,,,,
18PSD39P,2018,ADFG,Southern (Lower Cook Inlet) Purse Seine,PINK,COMMERCIAL COM PROP,32,24120,Port Graham Section,,,TRADITIONAL,8/10/2018,PURSE SEINE,HOMER,96,96,78,15,13,2,0,0,1,,,,,,,,,,,,12,,,,,,,,,,,,,,,,,,1,,,,,1,,,,,,,
18ESCP04,2018,ADFG,,PINK,ESCAPEMENT SURVEY,32,241,Outer District,241-16-10090,Tutka Creek,,8/9/2018,NOT REQUIRED,HOMER,96,96,10,84,84,0,0,0,71,13,,,,,,,,,,,,,,,,,,,,,,,,,,,,,,,,,,,,,,,,,
18PSD37P,2018,ADFG,Southern (Lower Cook Inlet) Purse Seine,PINK,COMMERCIAL COM PROP,32,24114,Humpy Creek Subdistrict,,,TRADITIONAL,8/8/2018,PURSE SEINE,HOMER,49,49,49,0,0,0,0,0,,,,,,,,,,,,,,,,,,,,,,,,,,,,,,,,,,,,,,,,,,,
18ESCP03,2018,ADFG,,PINK,ESCAPEMENT SURVEY,32,241,Outer District,241-11-10800,Barabara Creek,,8/8/2018,NOT REQUIRED,HOMER,96,96,96,0,0,0,0,0,,,,,,,,,,,,,,,,,,,,,,,,,,,,,,,,,,,,,,,,,,,
18ESCP02,2018,ADFG,,PINK,ESCAPEMENT SURVEY,32,241,Outer District,241-20-10550,Port Graham River,,8/7/2018,NOT REQUIRED,HOMER,96,96,96,0,0,0,0,0,,,,,,,,,,,,,,,,,,,,,,,,,,,,,,,,,,,,,,,,,,,
18PSD35P,2018,ADFG,Southern (Lower Cook Inlet) Purse Seine,PINK,COMMERCIAL COM PROP,32,24106,Tutka Bay Subdistrict,,,TRADITIONAL,8/6/2018,PURSE SEINE,HOMER,83,83,15,66,66,0,0,0,24,41,,,,,,,,,,,1,,,,,,,,,,,,,,,,,,,,,,,,,,,,,,
18PSD36P,2018,ADFG,Southern (Lower Cook Inlet) Purse Seine,PINK,COMMERCIAL COM PROP,32,24106,Tutka Bay Subdistrict,,,TRADITIONAL,8/6/2018,PURSE SEINE,HOMER,96,96,19,73,73,0,0,0,9,64,,,,,,,,,,,,,,,,,,,,,,,,,,,,,,,,,,,,,,,,,
18ESCP01,2018,ADFG,,PINK,ESCAPEMENT SURVEY,32,232,Outer District,242-42-10460,Port Dick Creek,,8/6/2018,NOT REQUIRED,HOMER,1,1,0,1,0,1,0,0,,,,,,,,,,,,,,,,,,,,,,,,,,,,,,,,,,,,1,,,,,,,
18PSD33P,2018,ADFG,Southern (Lower Cook Inlet) Purse Seine,PINK,COMMERCIAL COM PROP,31,24106,Tutka Bay Subdistrict,,,TRADITIONAL,8/3/2018,PURSE SEINE,HOMER,75,75,13,61,61,0,0,0,26,33,,,,,,,,,,,2,,,,,,,,,,,,,,,,,,,,,,,,,,,,,,
18PSD34P,2018,ADFG,Southern (Lower Cook Inlet) Purse Seine,PINK,COMMERCIAL COM PROP,31,24106,Tutka Bay Subdistrict,,,TRADITIONAL,8/3/2018,PURSE SEINE,HOMER,96,96,19,77,77,0,0,0,28,49,,,,,,,,,,,,,,,,,,,,,,,,,,,,,,,,,,,,,,,,,
18GBT32P,2018,ADFG,Southern (Lower Cook Inlet) Set Gillnet,PINK,COMMERCIAL COM PROP,31,24106,Tutka Bay Subdistrict,,,TRADITIONAL,8/1/2018,SET GILLNET,HOMER,96,96,41,53,45,8,0,0,12,19,,,,,,,,,,,14,,,,,,1,,,,,,1,,,,,,6,,,,,,,,,,,,
18GSL33P,2018,ADFG,Southern (Lower Cook Inlet) Set Gillnet,PINK,COMMERCIAL COM PROP,31,24117,Seldovia Bay Subdistrict,,,TRADITIONAL,8/1/2018,SET GILLNET,HOMER,96,96,57,39,36,3,0,0,,,,,,,,,,,,,36,,,,,,,,,,,,1,,,,,,2,,,,,,,,,,,,
18PSD31P,2018,ADFG,Southern (Lower Cook Inlet) Purse Seine,PINK,COMMERCIAL COM PROP,31,24106,Tutka Bay Subdistrict,,,TRADITIONAL,7/30/2018,PURSE SEINE,HOMER,96,96,12,83,81,2,0,0,32,49,,,,,,,,,,,,,,,,,,,,,,,,,,,,,,,,,,2,,,,,,,
18PSD32P,2018,ADFG,Southern (Lower Cook Inlet) Purse Seine,PINK,COMMERCIAL COM PROP,31,24106,Tutka Bay Subdistrict,,,TRADITIONAL,7/30/2018,PURSE SEINE,HOMER,96,96,3,92,92,0,0,0,36,56,,,,,,,,,,,,,,,,,,,,,,,,,,,,,,,,,,,,,,,,,
18PSD29P,2018,ADFG,Southern (Lower Cook Inlet) Purse Seine,PINK,COMMERCIAL COM PROP,30,24106,Tutka Bay Subdistrict,,,TRADITIONAL,7/27/2018,PURSE SEINE,HOMER,96,96,10,82,81,1,0,0,35,46,,,,,,,,,,,,,,,,,,,,,,,,,,,,,1,,,,,,,,,,,,
18PSD30P,2018,ADFG,Southern (Lower Cook Inlet) Purse Seine,PINK,COMMERCIAL COM PROP,30,24106,Tutka Bay Subdistrict,,,TRADITIONAL,7/27/2018,PURSE SEINE,HOMER,96,96,11,84,84,0,0,0,40,44,,,,,,,,,,,,,,,,,,,,,,,,,,,,,,,,,,,,,,,,,
18GBT26P,2018,ADFG,Southern (Lower Cook Inlet) Set Gillnet,PINK,COMMERCIAL COM PROP,30,24106,Tutka Bay Subdistrict,,,TRADITIONAL,7/25/2018,SET GILLNET,HOMER,96,96,19,76,76,0,0,0,47,28,,,,,,,,,,,1,,,,,,,,,,,,,,,,,,,,,,,,,,,,,,
18GSL27P,2018,ADFG,Southern (Lower Cook Inlet) Set Gillnet,PINK,COMMERCIAL COM PROP,30,24117,Seldovia Bay Subdistrict,,,TRADITIONAL,7/25/2018,SET GILLNET,HOMER,96,96,51,43,39,4,0,0,8,6,,,,,,,,,,,25,,,,,,,,,,,,,,,,,,4,,,,,,,,,,,,
18PSD27P,2018,ADFG,Southern (Lower Cook Inlet) Purse Seine,PINK,COMMERCIAL COM PROP,30,24106,Tutka Bay Subdistrict,,,TRADITIONAL,7/23/2018,PURSE SEINE,HOMER,92,92,7,85,85,0,0,0,45,40,,,,,,,,,,,,,,,,,,,,,,,,,,,,,,,,,,,,,,,,,
18PSD28P,2018,ADFG,Southern (Lower Cook Inlet) Purse Seine,PINK,COST RECOVERY,30,24107,Tutka Bay Subdistrict,,,TRADITIONAL,7/23/2018,PURSE SEINE,HOMER,96,89,7,82,82,0,0,0,64,18,,,,,,,,,,,,,,,,,,,,,,,,,,,,,,,,,,,,,,,,,
18PSD26P,2018,ADFG,Southern (Lower Cook Inlet) Purse Seine,PINK,COMMERCIAL COM PROP,30,24190,China Poot Section,,,TRADITIONAL,7/23/2018,PURSE SEINE,HOMER,11,11,7,4,3,1,0,0,1,2,,,,,,,,,,,,,,,,,,,,,,,,,,,,,1,,,,,,,,,,,,
18PSD22P,2018,ADFG,Southern (Lower Cook Inlet) Purse Seine,PINK,COMMERCIAL COM PROP,29,24106,Tutka Bay Subdistrict,,,TRADITIONAL,7/20/2018,PURSE SEINE,HOMER,85,85,5,80,79,1,0,0,48,31,,,,,,,,,,,,,,,,,,,,,,,,,,,,,1,,,,,,,,,,,,
18PSD23P,2018,ADFG,Southern (Lower Cook Inlet) Purse Seine,PINK,COMMERCIAL COM PROP,29,24106,Tutka Bay Subdistrict,,,TRADITIONAL,7/20/2018,PURSE SEINE,HOMER,96,96,7,86,86,0,0,0,52,34,,,,,,,,,,,,,,,,,,,,,,,,,,,,,,,,,,,,,,,,,
18GSL24P,2018,ADFG,Southern (Lower Cook Inlet) Set Gillnet,PINK,COMMERCIAL COM PROP,29,24106,Tutka Bay Subdistrict,,,TRADITIONAL,7/18/2018,SET GILLNET,HOMER,96,96,41,55,54,1,0,0,44,10,,,,,,,,,,,,,,,,,,,,,,,,,,,,,1,,,,,,,,,,,,
18GBT25P,2018,ADFG,Southern (Lower Cook Inlet) Set Gillnet,PINK,COMMERCIAL COM PROP,29,24117,Seldovia Bay Subdistrict,,,TRADITIONAL,7/18/2018,SET GILLNET,HOMER,96,96,75,21,20,1,0,0,11,2,,,,,,,,,,,7,,,,,,,,,,,,,,,,,,1,,,,,,,,,,,,
18PSD21P,2018,ADFG,Southern (Lower Cook Inlet) Purse Seine,PINK,COMMERCIAL COM PROP,29,24106,Tutka Bay Subdistrict,,,TRADITIONAL,7/16/2018,PURSE SEINE,HOMER,83,83,22,61,61,0,0,0,42,19,,,,,,,,,,,,,,,,,,,,,,,,,,,,,,,,,,,,,,,,,
18PSD17P,2018,ADFG,Southern (Lower Cook Inlet) Purse Seine,PINK,COMMERCIAL COM PROP,28,24106,Tutka Bay Subdistrict,,,TRADITIONAL,7/13/2018,PURSE SEINE,HOMER,32,32,6,26,26,0,0,0,24,2,,,,,,,,,,,,,,,,,,,,,,,,,,,,,,,,,,,,,,,,,
18CPTpinks,2018,ADFG,Southern (Lower Cook Inlet) Set Gillnet,PINK,COMMERCIAL COM PROP,25,241,Outer District,,,TRADITIONAL,6/18/2018,SET GILLNET,HOMER,100,99,62,32,21,11,0,0,8,6,,,,,,,,,,,7,,,,,,5,,,,,,3,,,,,,2,,,,,1,,,,,,,
