HomerSampleID,Year,Agency,FisheryName,Species,Source,StatWeek,StatArea,SubDistrict,AStreamCode,Stock,Harvest,SampleDate,Gear,SurveySite,Rcvd,Preps,NotMarked,Marked, LCI,PWS,KOD,Other,BRADLEYPONDS15,ENGLISHBAY12SMOLT,ENGLISHBAY13,ENGLISHBAY14,HAZEL13,HAZEL14,HAZEL16,HAZEL17,HAZEL18,HAZEL19,KIRSCHNER18,LEISURE18,LEISURE19,PENINSULA11SOCKEYE,PENINSULA12SOCKEYE,PENINSULA13SOCKEYE,PENINSULA14SOCKEYE,PENINSULA16SOCKEYE,PENINSULA17SOCKEYE,TRAILAKES14B,TRAILLAKES13A,TRAILLAKES14A,TRAILLAKES14B,TRAILLAKES15A,TRAILLAKES15B,TRAILLAKES16A,TRAILLAKES16B,TRAILLAKES17A,TRAILLAKES17B,TRAILLAKES18A,TRAILLAKES19B,TUTKA13,TUTKA14,TUTKA15,TUTKA16,TUTKA17,TUTKA18,TUTKA19,MBH13A,MBH13B,MBH13C,MBH13D,MBH13E,MBH14A,MBH14B,MBH14C,MBH14D,MBH14E,MBH15A,MBH15C,MBH15D,MBH15E,MBH16A,MBH16B,MBH16C,MBH16D,MBH16E,MBH17A,MBH17B,MBH17C,MBH17D,MBH17E,MBH18A,MBH18B,MBH18C,MBH18E,MBH19A,MBH19C,MBH19E,KITOI14,KITOI15,KITOI16,KODIAK13,KODIAK13A,KODIAK14,KODIAK14A,KODIAK15,KODIAK15A,KODIAK17,KODIAK17A,KODIAK18,KODIAK18B,KODIAK19,KODIAK19A,HIDDENLAKE17,HIDDENLAKE18
18GBT02S,2018,ADFG,Southern (Lower Cook Inlet) Set Gillnet,SOCKEYE,COMMERCIAL COM PROP,23,2410618,"Tutka Bay, Barabara Creek",NA,NA,TRADITIONAL,6/6/2018,SET GILLNET,HOMER,NA,26,22,4,4,0,0,0,,,,,,,,,,,,,,,,,,,,,1,,3,,,,,,,,,,,,,,,,,,,,,,,,,,,,,,,,,,,,,,,,,,,,,,,,,,,,,,,,,,,,,,,
18GBT04S,2018,ADFG,Southern (Lower Cook Inlet) Set Gillnet,SOCKEYE,COMMERCIAL COM PROP,24,2410618,"Tutka Bay, Barabara Creek",NA,NA,TRADITIONAL,6/13/2018,SET GILLNET,HOMER,NA,96,86,10,9,1,0,0,,,1,,,,,,,,,,,,,,,,,,,2,6,,,,,,,,,,,,,,,,,,,,1,,,,,,,,,,,,,,,,,,,,,,,,,,,,,,,,,,,,,,,,,,,
18GBT08S,2018,ADFG,Southern (Lower Cook Inlet) Set Gillnet,SOCKEYE,COMMERCIAL COM PROP,25,2410618,"Tutka Bay, Barabara Creek",NA,NA,TRADITIONAL,6/20/2018,SET GILLNET,HOMER,NA,96,81,15,15,0,0,0,,,,,,1,,,,,,,,,,2,,,,,,,,,,,,,,,,4,8,,,,,,,,,,,,,,,,,,,,,,,,,,,,,,,,,,,,,,,,,,,,,,,,,,,,,
18GBT12S,2018,ADFG,Southern (Lower Cook Inlet) Set Gillnet,SOCKEYE,COMMERCIAL COM PROP,26,2410618,"Tutka Bay, Barabara Creek",NA,NA,TRADITIONAL,6/27/2018,SET GILLNET,HOMER,NA,96,76,20,15,2,3,0,,,,1,1,,,,,,,,,,,,,,,,,,1,,,,,,,,,2,10,,,,,,,,,,,2,,,,,,,,,,,,,,,,,,,,,,,,,,,,,,,1,2,,,,,,,,,,
18GBT14S,2018,ADFG,Southern (Lower Cook Inlet) Set Gillnet,SOCKEYE,COMMERCIAL COM PROP,27,2410618,"Tutka Bay, Barabara Creek",NA,NA,TRADITIONAL,7/4/2018,SET GILLNET,HOMER,NA,96,75,21,14,5,2,0,,,,2,,,,,,,,,,,,,,,,,,,,,,,,,,,,5,7,,,,,,1,1,1,,,,1,,1,,,,,,,,,,,,,,,,,,,,,,,,,,,1,1,,,,,,,,,,,
18GBT17S,2018,ADFG,Southern (Lower Cook Inlet) Set Gillnet,SOCKEYE,COMMERCIAL COM PROP,28,2410618,"Tutka Bay, Barabara Creek",NA,NA,TRADITIONAL,7/11/2018,SET GILLNET,HOMER,NA,96,74,22,21,0,1,0,,,,,,,,,,,,,,,,,,,,,,,,,,,,,,,,4,17,,,,,,,,,,,,,,,,,,,,,,,,,,,,,,,,,,,,,,,,,1,,,,,,,,,,,,
18GBT19S,2018,ADFG,Southern (Lower Cook Inlet) Set Gillnet,SOCKEYE,COMMERCIAL COM PROP,28,2410618,"Tutka Bay, Barabara Creek",NA,NA,TRADITIONAL,7/11/2018,SET GILLNET,HOMER,NA,72,64,8,7,1,0,0,,,,1,,,,,,,,,,,,1,,,,,,,,,,,,,,,,,5,,,,,,1,,,,,,,,,,,,,,,,,,,,,,,,,,,,,,,,,,,,,,,,,,,,,,,
18GBT23S,2018,ADFG,Southern (Lower Cook Inlet) Set Gillnet,SOCKEYE,COMMERCIAL COM PROP,29,2410618,"Tutka Bay, Barabara Creek",NA,NA,TRADITIONAL,7/18/2018,SET GILLNET,HOMER,NA,96,94,2,2,0,0,0,,,,,,,,,,,,,,,,,,,,,,,,,,,,,,,,2,,,,,,,,,,,,,,,,,,,,,,,,,,,,,,,,,,,,,,,,,,,,,,,,,,,,,,
18GBT28S,2018,ADFG,Southern (Lower Cook Inlet) Set Gillnet,SOCKEYE,COMMERCIAL COM PROP,30,2410618,"Tutka Bay, Barabara Creek",NA,NA,TRADITIONAL,7/25/2018,SET GILLNET,HOMER,NA,96,86,10,10,0,0,0,,,,,3,,,,,,,,,,,1,1,,,,,,,,,,,,,,,,5,,,,,,,,,,,,,,,,,,,,,,,,,,,,,,,,,,,,,,,,,,,,,,,,,,,,,
18GBT30S,2018,ADFG,Southern (Lower Cook Inlet) Set Gillnet,SOCKEYE,COMMERCIAL COM PROP,31,2410618,"Tutka Bay, Barabara Creek",NA,NA,TRADITIONAL,8/1/2018,SET GILLNET,HOMER,NA,96,87,9,4,2,3,0,,,,,,,,,,,,,,,,,1,,,,,,,,,,,,,,,1,2,,,,,,,,,1,1,,,,,,,,,,,,,,,,,,,,,,,,,,,,,,2,,,1,,,,,,,,,,
18GHC09S,2018,ADFG,Southern (Lower Cook Inlet) Set Gillnet,SOCKEYE,COMMERCIAL COM PROP,25,24115,Halibut Cove,NA,NA,TRADITIONAL,6/23/2018,SET GILLNET,HOMER,NA,47,24,23,23,0,0,0,,,,,11,1,,,,,,,,,,6,4,,,,,,,,,,,,,,,,1,,,,,,,,,,,,,,,,,,,,,,,,,,,,,,,,,,,,,,,,,,,,,,,,,,,,,
18GHC10S,2018,ADFG,Southern (Lower Cook Inlet) Set Gillnet,SOCKEYE,COMMERCIAL COM PROP,26,24192,China Poot SHA,NA,NA,TRADITIONAL,6/27/2018,SET GILLNET,HOMER,NA,48,26,22,22,0,0,0,,,,,13,1,,,,,,,,,,5,3,,,,,,,,,,,,,,,,,,,,,,,,,,,,,,,,,,,,,,,,,,,,,,,,,,,,,,,,,,,,,,,,,,,,,
18GHC16S,2018,ADFG,Southern (Lower Cook Inlet) Set Gillnet,SOCKEYE,COMMERCIAL COM PROP,27,24115,Halibut Cove,NA,NA,TRADITIONAL,7/7/2018,SET GILLNET,HOMER,NA,17,0,17,17,0,0,0,,,,,,,,,,,,,,,,10,7,,,,,,,,,,,,,,,,,,,,,,,,,,,,,,,,,,,,,,,,,,,,,,,,,,,,,,,,,,,,,,,,,,,,,
18GHC20S,2018,ADFG,Southern (Lower Cook Inlet) Set Gillnet,SOCKEYE,COMMERCIAL COM PROP,28,24115,Halibut Cove,NA,NA,TRADITIONAL,7/11/2018,SET GILLNET,HOMER,NA,94,74,20,20,0,0,0,,,,,12,2,,,,,,,,,,4,1,,,,,,,,,,,,,,,,1,,,,,,,,,,,,,,,,,,,,,,,,,,,,,,,,,,,,,,,,,,,,,,,,,,,,,
18GHC21S,2018,ADFG,Southern (Lower Cook Inlet) Set Gillnet,SOCKEYE,COMMERCIAL COM PROP,29,24115,Halibut Cove,NA,NA,TRADITIONAL,7/18/2018,SET GILLNET,HOMER,NA,89,81,8,8,0,0,0,,,,,3,1,,,,,,,,,,2,,,,,,,,,,,,,,,,,2,,,,,,,,,,,,,,,,,,,,,,,,,,,,,,,,,,,,,,,,,,,,,,,,,,,,,
18GHC29S,2018,ADFG,Southern (Lower Cook Inlet) Set Gillnet,SOCKEYE,COMMERCIAL COM PROP,30,24115,Halibut Cove,NA,NA,TRADITIONAL,7/28/2018,SET GILLNET,HOMER,NA,66,33,33,33,0,0,0,,,,,26,,,,,,,,,,,5,,,,,,,,,,,,,,,,,2,,,,,,,,,,,,,,,,,,,,,,,,,,,,,,,,,,,,,,,,,,,,,,,,,,,,,
18GHC31S,2018,ADFG,Southern (Lower Cook Inlet) Set Gillnet,SOCKEYE,COMMERCIAL COM PROP,31,24115,Halibut Cove,NA,NA,TRADITIONAL,8/1/2018,SET GILLNET,HOMER,NA,30,18,12,12,0,0,0,,,,,10,,,,,,,,,,,1,,,,,,,,,,,,,,,,1,,,,,,,,,,,,,,,,,,,,,,,,,,,,,,,,,,,,,,,,,,,,,,,,,,,,,,
18GPG03S,2018,ADFG,Southern (Lower Cook Inlet) Set Gillnet,SOCKEYE,COMMERCIAL COM PROP,24,24120,Port Graham,NA,NA,TRADITIONAL,6/12/2018,SET GILLNET,HOMER,NA,70,55,15,14,1,0,0,,,,1,,,,,,,,,,,,,,,,,,1,12,,,,,,,,,,,,,,,,,,,,,,,,,,,,,1,,,,,,,,,,,,,,,,,,,,,,,,,,,,,,,,,,
18GPG06S,2018,ADFG,Southern (Lower Cook Inlet) Set Gillnet,SOCKEYE,COMMERCIAL COM PROP,25,24120,Port Graham,NA,NA,TRADITIONAL,6/19/2018,SET GILLNET,HOMER,NA,34,33,1,1,0,0,0,,,1,,,,,,,,,,,,,,,,,,,,,,,,,,,,,,,,,,,,,,,,,,,,,,,,,,,,,,,,,,,,,,,,,,,,,,,,,,,,,,,,,,,
18GPG11S,2018,ADFG,Southern (Lower Cook Inlet) Set Gillnet,SOCKEYE,COMMERCIAL COM PROP,26,24120,Port Graham,NA,NA,TRADITIONAL,6/26/2018,SET GILLNET,HOMER,NA,49,42,7,5,1,1,0,,,2,,,,,,,,,,,,,,,,,1,,1,,,,,,,,,,,1,,,,,,,,,1,,,,,,,,,,,,,,,,,,,,,,,,,,,,,,,,,,1,,,,,,,,,,
18GSL01S,2018,ADFG,Southern (Lower Cook Inlet) Set Gillnet,SOCKEYE,COMMERCIAL COM PROP,23,24117,Seldovia Bay,NA,NA,TRADITIONAL,6/6/2018,SET GILLNET,HOMER,NA,96,64,32,32,0,0,0,,,,,,,,,,,,,,,,,,,,,,11,21,,,,,,,,,,,,,,,,,,,,,,,,,,,,,,,,,,,,,,,,,,,,,,,,,,,,,,,,,,,,,,,
18GSL05S,2018,ADFG,Southern (Lower Cook Inlet) Set Gillnet,SOCKEYE,COMMERCIAL COM PROP,24,24117,Seldovia Bay,NA,NA,TRADITIONAL,6/13/2018,SET GILLNET,HOMER,NA,96,84,12,10,2,0,0,,,,,,,,,,,,,,,,,,,,,,3,6,,,,,,,,,1,,,,,,,,,,,,,,2,,,,,,,,,,,,,,,,,,,,,,,,,,,,,,,,,,,,,,,,
18GSL07S,2018,ADFG,Southern (Lower Cook Inlet) Set Gillnet,SOCKEYE,COMMERCIAL COM PROP,25,24117,Seldovia Bay,NA,NA,TRADITIONAL,6/20/2018,SET GILLNET,HOMER,NA,96,87,9,6,1,2,0,,,2,,,,,,,,,,,,,,,,,,,,1,,,,,,,,,1,2,,,,,,,,,1,,,,,,,,,,,,,,,,,,,,,,,,,,,,,,,,1,,1,,,,,,,,,,
18GSL13S,2018,ADFG,Southern (Lower Cook Inlet) Set Gillnet,SOCKEYE,COMMERCIAL COM PROP,26,24117,Seldovia Bay,NA,NA,TRADITIONAL,6/27/2018,SET GILLNET,HOMER,NA,96,93,3,1,1,1,0,,,,1,,,,,,,,,,,,,,,,,,,,,,,,,,,,,,,,,,,,,,1,,,,,,,,,,,,,,,,,,,,,,,,,,,,,,,,,,1,,,,,,,,,,
18GSL15S,2018,ADFG,Southern (Lower Cook Inlet) Set Gillnet,SOCKEYE,COMMERCIAL COM PROP,27,24117,Seldovia Bay,NA,NA,TRADITIONAL,7/4/2018,SET GILLNET,HOMER,NA,96,89,7,4,3,0,0,,,,3,,,,,,,,,,,,,,,,,,,,,,,,,,,,1,,,,,,,2,,,,,,,,,1,,,,,,,,,,,,,,,,,,,,,,,,,,,,,,,,,,,,,,
18GSL18S,2018,ADFG,Southern (Lower Cook Inlet) Set Gillnet,SOCKEYE,COMMERCIAL COM PROP,28,24117,Seldovia Bay,NA,NA,TRADITIONAL,7/11/2018,SET GILLNET,HOMER,NA,93,80,13,12,1,0,0,,1,1,4,,,,,,,,,,,,,,,,,1,,,,,,,,,,,2,3,,,,,,,,,,,1,,,,,,,,,,,,,,,,,,,,,,,,,,,,,,,,,,,,,,,,,,
18GSL22S,2018,ADFG,Southern (Lower Cook Inlet) Set Gillnet,SOCKEYE,COMMERCIAL COM PROP,29,24117,Seldovia Bay,NA,NA,TRADITIONAL,7/18/2018,SET GILLNET,HOMER,NA,96,85,11,7,2,2,0,,,,1,,,,,,,,,,,,,1,,,,,,,,,,,,,,,,5,,,,,,,,1,1,,,,,,,,,,,,,,,,,,,,,,,,,,,,1,1,,,,,,,,,,,,,,,
18PSD01S,2018,ADFG,Southern (Lower Cook Inlet) Purse Seine,SOCKEYE,COMMERCIAL COM PROP,25,24107,Tutka Bay SHA,NA,NA,TRADITIONAL,6/18/2018,PURSE SEINE,HOMER,NA,26,1,25,25,0,0,0,,,,,,,,,,,,,,,,,,,,,,,,,,,,,,,,13,12,,,,,,,,,,,,,,,,,,,,,,,,,,,,,,,,,,,,,,,,,,,,,,,,,,,,,
18PSD02S,2018,ADFG,Southern (Lower Cook Inlet) Purse Seine,SOCKEYE,COMMERCIAL COM PROP,25,24115,Halibut Cove,NA,NA,TRADITIONAL,6/22/2018,PURSE SEINE,HOMER,NA,45,25,20,20,0,0,0,,,,,14,,,,,,,,,,,2,4,,,,,,,,,,,,,,,,,,,,,,,,,,,,,,,,,,,,,,,,,,,,,,,,,,,,,,,,,,,,,,,,,,,,,
18PSD03S,2018,ADFG,Southern (Lower Cook Inlet) Purse Seine,SOCKEYE,COMMERCIAL COM PROP,25,24192,China Poot SHA,NA,NA,TRADITIONAL,6/22/2018,PURSE SEINE,HOMER,NA,46,24,22,22,0,0,0,,,,,15,1,,,,,,,,,,4,2,,,,,,,,,,,,,,,,,,,,,,,,,,,,,,,,,,,,,,,,,,,,,,,,,,,,,,,,,,,,,,,,,,,,,
18PSD04S,2018,ADFG,Southern (Lower Cook Inlet) Purse Seine,SOCKEYE,COMMERCIAL COM PROP,26,24190,China Poot,NA,NA,TRADITIONAL,6/25/2018,PURSE SEINE,HOMER,NA,54,10,44,44,0,0,0,,,,,21,3,,,,,,,,,,12,7,,,,,,,,,,,,,,,,1,,,,,,,,,,,,,,,,,,,,,,,,,,,,,,,,,,,,,,,,,,,,,,,,,,,,,
18PSD05S,2018,ADFG,Southern (Lower Cook Inlet) Purse Seine,SOCKEYE,COMMERCIAL COM PROP,26,24191,Neptune Bay,NA,NA,TRADITIONAL,6/25/2018,PURSE SEINE,HOMER,NA,49,9,40,40,0,0,0,,,,1,21,8,,,,,,,,,,6,2,,,,,,,,,,,,,,,,2,,,,,,,,,,,,,,,,,,,,,,,,,,,,,,,,,,,,,,,,,,,,,,,,,,,,,
18PSD06S,2018,ADFG,Southern (Lower Cook Inlet) Purse Seine,SOCKEYE,COMMERCIAL COM PROP,26,24192,China Poot SHA,NA,NA,TRADITIONAL,6/27/2018,PURSE SEINE,HOMER,NA,31,7,24,24,0,0,0,,,,,11,3,,,,,,,,1,,6,3,,,,,,,,,,,,,,,,,,,,,,,,,,,,,,,,,,,,,,,,,,,,,,,,,,,,,,,,,,,,,,,,,,,,,
18PSD07S,2018,ADFG,Southern (Lower Cook Inlet) Purse Seine,SOCKEYE,COMMERCIAL COM PROP,26,24190,China Poot,NA,NA,TRADITIONAL,6/27/2018,PURSE SEINE,HOMER,NA,8,1,7,7,0,0,0,,,,,3,,,,,,,,,,,3,1,,,,,,,,,,,,,,,,,,,,,,,,,,,,,,,,,,,,,,,,,,,,,,,,,,,,,,,,,,,,,,,,,,,,,
18PSD08S,2018,ADFG,Southern (Lower Cook Inlet) Purse Seine,SOCKEYE,COMMERCIAL COM PROP,26,24191,Neptune Bay,NA,NA,TRADITIONAL,6/27/2018,PURSE SEINE,HOMER,NA,11,1,10,10,0,0,0,,,,,3,,,,,,,,,,,1,4,,,,,,,,,,,,,,,1,1,,,,,,,,,,,,,,,,,,,,,,,,,,,,,,,,,,,,,,,,,,,,,,,,,,,,,
18PSD09S,2018,ADFG,Southern (Lower Cook Inlet) Purse Seine,SOCKEYE,COMMERCIAL COM PROP,27,24191,Neptune Bay,NA,NA,TRADITIONAL,7/2/2018,PURSE SEINE,HOMER,NA,82,15,67,67,0,0,0,,,,1,46,8,,,,,,,,,,8,2,,,,,,,,,,,,,,,,2,,,,,,,,,,,,,,,,,,,,,,,,,,,,,,,,,,,,,,,,,,,,,,,,,,,,,
18PSD10S,2018,ADFG,Southern (Lower Cook Inlet) Purse Seine,SOCKEYE,COMMERCIAL COM PROP,27,24190,China Poot,NA,NA,TRADITIONAL,7/2/2018,PURSE SEINE,HOMER,NA,96,14,82,82,0,0,0,,,,,46,7,,,,,,,,,,17,7,,,,,,,,,,,,,,,2,3,,,,,,,,,,,,,,,,,,,,,,,,,,,,,,,,,,,,,,,,,,,,,,,,,,,,,
18PSD11S,2018,ADFG,Southern (Lower Cook Inlet) Purse Seine,SOCKEYE,COMMERCIAL COM PROP,27,24191,Neptune Bay,NA,NA,TRADITIONAL,7/6/2018,PURSE SEINE,HOMER,NA,58,21,37,37,0,0,0,,,,,1,1,,,,,,,,,,2,1,,,,,,,,,,,,,,,2,30,,,,,,,,,,,,,,,,,,,,,,,,,,,,,,,,,,,,,,,,,,,,,,,,,,,,,
18PSD12S,2018,ADFG,Southern (Lower Cook Inlet) Purse Seine,SOCKEYE,COMMERCIAL COM PROP,27,24190,China Poot,NA,NA,TRADITIONAL,7/6/2018,PURSE SEINE,HOMER,NA,50,14,36,36,0,0,0,,,,,16,11,,,,,,,,,,4,4,,,,,,,,,,,,,,,,1,,,,,,,,,,,,,,,,,,,,,,,,,,,,,,,,,,,,,,,,,,,,,,,,,,,,,
18PSD13S,2018,ADFG,Southern (Lower Cook Inlet) Purse Seine,SOCKEYE,COMMERCIAL COM PROP,28,24115,Halibut Cove,NA,NA,TRADITIONAL,7/9/2018,PURSE SEINE,HOMER,NA,96,73,23,23,0,0,0,,,,,10,1,,,,,,,,,1,8,3,,,,,,,,,,,,,,,,,,,,,,,,,,,,,,,,,,,,,,,,,,,,,,,,,,,,,,,,,,,,,,,,,,,,,
18PSD14S,2018,ADFG,Southern (Lower Cook Inlet) Purse Seine,SOCKEYE,COMMERCIAL COM PROP,28,24190,China Poot,NA,NA,TRADITIONAL,7/9/2018,PURSE SEINE,HOMER,NA,96,71,25,24,0,1,0,,,,,10,3,,,,,,,,,,5,5,,,,,,,,,,,,,,,,1,,,,,,,,,,,,,,,,,,,,,,,,,,,,,,,,,,,,,,1,,,,,,,,,,,,,,,
18PSD15S,2018,ADFG,Southern (Lower Cook Inlet) Cost Recovery,SOCKEYE,COST RECOVERY,28,24192,China Poot SHA,NA,NA,PNP FISH,7/10/2018,PURSE SEINE,HOMER,NA,60,2,58,58,0,0,0,,,,,3,1,,,,,,,,,,32,22,,,,,,,,,,,,,,,,,,,,,,,,,,,,,,,,,,,,,,,,,,,,,,,,,,,,,,,,,,,,,,,,,,,,,
18PSD16S,2018,ADFG,Southern (Lower Cook Inlet) Purse Seine,SOCKEYE,COMMERCIAL COM PROP,28,24106,Tutka Bay,NA,NA,TRADITIONAL,7/13/2018,PURSE SEINE,HOMER,NA,53,12,41,41,0,0,0,,,,,11,,,,,,,,,,,2,,,,,,,,,,,,,,,,,28,,,,,,,,,,,,,,,,,,,,,,,,,,,,,,,,,,,,,,,,,,,,,,,,,,,,,
18PSD18S,2018,ADFG,Southern (Lower Cook Inlet) Purse Seine,SOCKEYE,COMMERCIAL COM PROP,28,24191,Neptune Bay,NA,NA,TRADITIONAL,7/13/2018,PURSE SEINE,HOMER,NA,50,9,41,41,0,0,0,,,,,15,7,,,,,,,,,,5,4,,,,,,,,,,,,,,,,10,,,,,,,,,,,,,,,,,,,,,,,,,,,,,,,,,,,,,,,,,,,,,,,,,,,,,
18PSD19S,2018,ADFG,Southern (Lower Cook Inlet) Purse Seine,SOCKEYE,COMMERCIAL COM PROP,29,24190,China Poot,NA,NA,TRADITIONAL,7/16/2018,PURSE SEINE,HOMER,NA,72,25,47,47,0,0,0,,,,,21,6,,,,,,,,,,12,6,,,,,,,,,,,,,,,,2,,,,,,,,,,,,,,,,,,,,,,,,,,,,,,,,,,,,,,,,,,,,,,,,,,,,,
18PSD20S,2018,ADFG,Southern (Lower Cook Inlet) Purse Seine,SOCKEYE,COMMERCIAL COM PROP,29,24106,Tutka Bay,NA,NA,TRADITIONAL,7/16/2018,PURSE SEINE,HOMER,NA,81,26,55,55,0,0,0,,,,,1,3,,,,,,,,,,1,1,,,,,,,,,,,,,,,,49,,,,,,,,,,,,,,,,,,,,,,,,,,,,,,,,,,,,,,,,,,,,,,,,,,,,,
18PSD24S,2018,ADFG,Southern (Lower Cook Inlet) Purse Seine,SOCKEYE,COMMERCIAL COM PROP,29,24191,Neptune Bay,NA,NA,TRADITIONAL,7/20/2018,PURSE SEINE,HOMER,NA,96,64,32,32,0,0,0,,,,,8,1,,,,,,,,,,1,,,,,,,,,,,,,,,,,22,,,,,,,,,,,,,,,,,,,,,,,,,,,,,,,,,,,,,,,,,,,,,,,,,,,,,
18PSD25S,2018,ADFG,Southern (Lower Cook Inlet) Purse Seine,SOCKEYE,COMMERCIAL COM PROP,30,24190,China Poot,NA,NA,TRADITIONAL,7/23/2018,PURSE SEINE,HOMER,NA,19,13,6,6,0,0,0,,,,,3,,,,,,,,,,,1,1,,,,,,,,,,,,,,,,1,,,,,,,,,,,,,,,,,,,,,,,,,,,,,,,,,,,,,,,,,,,,,,,,,,,,,
19GBT002S,2019,ADFG,Southern (Lower Cook Inlet) Set Gillnet,SOCKEYE,COMMERCIAL COM PROP,23,2410618,"Tutka Bay, Barabara Creek",NA,NA,TRADITIONAL,6/5/2019,SET GILLNET,HOMER,NA,96,92,4,4,0,0,0,,,,,,,,,,,,,,,,,,,,,,3,1,,,,,,,,,,,,,,,,,,,,,,,,,,,,,,,,,,,,,,,,,,,,,,,,,,,,,,,,,,,,,,,
19GBT003S,2019,ADFG,Southern (Lower Cook Inlet) Set Gillnet,SOCKEYE,COMMERCIAL COM PROP,24,2410618,"Tutka Bay, Barabara Creek",NA,NA,TRADITIONAL,6/12/2019,SET GILLNET,HOMER,NA,96,85,11,11,0,0,0,,,1,,,,,,,,,,,,,,,,,,,5,2,,2,,,,,,,,,1,,,,,,,,,,,,,,,,,,,,,,,,,,,,,,,,,,,,,,,,,,,,,,,,,,,,
19GBT006S,2019,ADFG,Southern (Lower Cook Inlet) Set Gillnet,SOCKEYE,COMMERCIAL COM PROP,25,2410618,"Tutka Bay, Barabara Creek",NA,NA,TRADITIONAL,6/19/2019,SET GILLNET,HOMER,NA,96,90,6,4,0,2,0,,,,,,,,,,,,,,,,,,,,,,2,1,,1,,,,,,,,,,,,,,,,,,,,,,,,,,,,,,,,,,,,,,,,,,,,,,,,,,2,,,,,,,,,,,
19GBT013S,2019,ADFG,Southern (Lower Cook Inlet) Set Gillnet,SOCKEYE,COMMERCIAL COM PROP,26,2410618,"Tutka Bay, Barabara Creek",NA,NA,TRADITIONAL,6/26/2019,SET GILLNET,HOMER,NA,96,88,8,6,0,2,0,,,,,,,,,,,,,,,,,2,,,,,,,,,,,,,,,,1,3,,,,,,,,,,,,,,,,,,,,,,,,,,,,,,,,,,,,,,,1,,1,,,,,,,,,,,
19GBT024S,2019,ADFG,Southern (Lower Cook Inlet) Set Gillnet,SOCKEYE,COMMERCIAL COM PROP,27,2410618,"Tutka Bay, Barabara Creek",NA,NA,TRADITIONAL,7/3/2019,SET GILLNET,HOMER,NA,95,86,9,9,0,0,0,1,,,,2,,,,,,,,,,,,5,,,,,,,,,,,,,,,,,1,,,,,,,,,,,,,,,,,,,,,,,,,,,,,,,,,,,,,,,,,,,,,,,,,,,,
19GBT037S,2019,ADFG,Southern (Lower Cook Inlet) Set Gillnet,SOCKEYE,COMMERCIAL COM PROP,28,2410618,"Tutka Bay, Barabara Creek",NA,NA,TRADITIONAL,7/10/2019,SET GILLNET,HOMER,NA,96,75,21,21,0,0,0,,,,,,1,,,,,,,,,,1,1,,,,,,,,,,,,,,,,7,11,,,,,,,,,,,,,,,,,,,,,,,,,,,,,,,,,,,,,,,,,,,,,,,,,,,,
19GBT055S,2019,ADFG,Southern (Lower Cook Inlet) Set Gillnet,SOCKEYE,COMMERCIAL COM PROP,29,2410618,"Tutka Bay, Barabara Creek",NA,NA,TRADITIONAL,7/17/2019,SET GILLNET,HOMER,NA,96,89,7,6,1,0,0,,,,,1,,,,,,,,,,,,,,,,,,,,,,,,,,,,2,3,,,,,,,,,,1,,,,,,,,,,,,,,,,,,,,,,,,,,,,,,,,,,,,,,,,,,
19GBT071S,2019,ADFG,Southern (Lower Cook Inlet) Set Gillnet,SOCKEYE,COMMERCIAL COM PROP,30,2410618,"Tutka Bay, Barabara Creek",NA,NA,TRADITIONAL,7/24/2019,SET GILLNET,HOMER,NA,96,86,10,9,1,0,0,3,,,5,1,,,,,,,,,,,,,,,,,,,,,,,,,,,,,,,,,,,,,,,,,,,,,,1,,,,,,,,,,,,,,,,,,,,,,,,,,,,,,,,,,,
19GBT085S,2019,ADFG,Southern (Lower Cook Inlet) Set Gillnet,SOCKEYE,COMMERCIAL COM PROP,31,2410618,"Tutka Bay, Barabara Creek",NA,NA,TRADITIONAL,7/31/2019,SET GILLNET,HOMER,NA,96,92,4,3,1,0,0,,,,,,,,,,,,,,,,,,,,,,,,,,,,,,,,,3,,,,,,,,,,,,1,,,,,,,,,,,,,,,,,,,,,,,,,,,,,,,,,,,,,,,,,
19GBT096S,2019,ADFG,Southern (Lower Cook Inlet) Set Gillnet,SOCKEYE,COMMERCIAL COM PROP,32,2410618,"Tutka Bay, Barabara Creek",NA,NA,TRADITIONAL,8/7/2019,SET GILLNET,HOMER,NA,96,88,8,8,0,0,0,,,,,,,,,,,,,,,,,,,,,,,,,,,,,,,,,8,,,,,,,,,,,,,,,,,,,,,,,,,,,,,,,,,,,,,,,,,,,,,,,,,,,,,
19GBT109S,2019,ADFG,Southern (Lower Cook Inlet) Set Gillnet,SOCKEYE,COMMERCIAL COM PROP,33,2410618,"Tutka Bay, Barabara Creek",NA,NA,TRADITIONAL,8/14/2019,SET GILLNET,HOMER,NA,88,85,3,3,0,0,0,,,,,,,,,,,,,,,,,,,,,,,,,,,,,,,,,2,1,,,,,,,,,,,,,,,,,,,,,,,,,,,,,,,,,,,,,,,,,,,,,,,,,,,,
19GHC007S,2019,ADFG,Southern (Lower Cook Inlet) Set Gillnet,SOCKEYE,COMMERCIAL COM PROP,25,24115,Halibut Cove,NA,NA,TRADITIONAL,6/19/2019,SET GILLNET,HOMER,NA,14,12,2,2,0,0,0,,,,,,2,,,,,,,,,,,,,,,,,,,,,,,,,,,,,,,,,,,,,,,,,,,,,,,,,,,,,,,,,,,,,,,,,,,,,,,,,,,,,,,,
19GHC011S,2019,ADFG,Southern (Lower Cook Inlet) Set Gillnet,SOCKEYE,COMMERCIAL COM PROP,26,24115,Halibut Cove,NA,NA,TRADITIONAL,6/26/2019,SET GILLNET,HOMER,NA,14,10,4,4,0,0,0,,,,,2,,,,,,,,,,,,1,,,,,1,,,,,,,,,,,,,,,,,,,,,,,,,,,,,,,,,,,,,,,,,,,,,,,,,,,,,,,,,,,,,,,,
19GHC022S,2019,ADFG,Southern (Lower Cook Inlet) Set Gillnet,SOCKEYE,COMMERCIAL COM PROP,27,24115,Halibut Cove,NA,NA,TRADITIONAL,7/3/2019,SET GILLNET,HOMER,NA,14,10,4,4,0,0,0,,,,,,1,,,,,,,,,,,3,,,,,,,,,,,,,,,,,,,,,,,,,,,,,,,,,,,,,,,,,,,,,,,,,,,,,,,,,,,,,,,,,,,,,
19GHC028S,2019,ADFG,Southern (Lower Cook Inlet) Set Gillnet,SOCKEYE,COMMERCIAL COM PROP,27,24115,Halibut Cove,NA,NA,TRADITIONAL,7/6/2019,SET GILLNET,HOMER,NA,33,21,12,12,0,0,0,,,,,,5,,,,,,,,,,3,4,,,,,,,,,,,,,,,,,,,,,,,,,,,,,,,,,,,,,,,,,,,,,,,,,,,,,,,,,,,,,,,,,,,,,
19GHC035S,2019,ADFG,Southern (Lower Cook Inlet) Set Gillnet,SOCKEYE,COMMERCIAL COM PROP,28,24115,Halibut Cove,NA,NA,TRADITIONAL,7/10/2019,SET GILLNET,HOMER,NA,96,70,26,26,0,0,0,,,,,5,5,,,,,,,,,,3,12,,,,,,,,,,,,,,,,1,,,,,,,,,,,,,,,,,,,,,,,,,,,,,,,,,,,,,,,,,,,,,,,,,,,,,
19GHC036S,2019,ADFG,Southern (Lower Cook Inlet) Set Gillnet,SOCKEYE,COMMERCIAL COM PROP,28,24115,Halibut Cove,NA,NA,TRADITIONAL,7/10/2019,SET GILLNET,HOMER,NA,50,26,24,24,0,0,0,,,,,5,4,,,,,,,,,,5,10,,,,,,,,,,,,,,,,,,,,,,,,,,,,,,,,,,,,,,,,,,,,,,,,,,,,,,,,,,,,,,,,,,,,,
19GHC053S,2019,ADFG,Southern (Lower Cook Inlet) Set Gillnet,SOCKEYE,COMMERCIAL COM PROP,29,24115,Halibut Cove,NA,NA,TRADITIONAL,7/17/2019,SET GILLNET,HOMER,NA,96,69,27,27,0,0,0,,,,,4,11,,,,,,,,,,1,11,,,,,,,,,,,,,,,,,,,,,,,,,,,,,,,,,,,,,,,,,,,,,,,,,,,,,,,,,,,,,,,,,,,,,
19GHC056S,2019,ADFG,Southern (Lower Cook Inlet) Set Gillnet,SOCKEYE,COMMERCIAL COM PROP,29,24115,Halibut Cove,NA,NA,TRADITIONAL,7/17/2019,SET GILLNET,HOMER,NA,40,28,12,12,0,0,0,,,,,2,5,,,,,,,,,,,5,,,,,,,,,,,,,,,,,,,,,,,,,,,,,,,,,,,,,,,,,,,,,,,,,,,,,,,,,,,,,,,,,,,,,
19GHC069S,2019,ADFG,Southern (Lower Cook Inlet) Set Gillnet,SOCKEYE,COMMERCIAL COM PROP,30,24115,Halibut Cove,NA,NA,TRADITIONAL,7/24/2019,SET GILLNET,HOMER,NA,96,88,8,8,0,0,0,,,,,3,1,,,,,,,,,,1,3,,,,,,,,,,,,,,,,,,,,,,,,,,,,,,,,,,,,,,,,,,,,,,,,,,,,,,,,,,,,,,,,,,,,,
19GHC083S,2019,ADFG,Southern (Lower Cook Inlet) Set Gillnet,SOCKEYE,COMMERCIAL COM PROP,31,24115,Halibut Cove,NA,NA,TRADITIONAL,7/31/2019,SET GILLNET,HOMER,NA,94,90,4,4,0,0,0,,,,,,1,,,,,,,,,,2,1,,,,,,,,,,,,,,,,,,,,,,,,,,,,,,,,,,,,,,,,,,,,,,,,,,,,,,,,,,,,,,,,,,,,,
19GHC095S,2019,ADFG,Southern (Lower Cook Inlet) Set Gillnet,SOCKEYE,COMMERCIAL COM PROP,32,24115,Halibut Cove,NA,NA,TRADITIONAL,8/7/2019,SET GILLNET,HOMER,NA,88,84,4,4,0,0,0,,,,,1,,,,,,,,,,,1,2,,,,,,,,,,,,,,,,,,,,,,,,,,,,,,,,,,,,,,,,,,,,,,,,,,,,,,,,,,,,,,,,,,,,,
19GSL001S,2019,ADFG,Southern (Lower Cook Inlet) Set Gillnet,SOCKEYE,COMMERCIAL COM PROP,23,24117,Seldovia Bay,NA,NA,TRADITIONAL,6/5/2019,SET GILLNET,HOMER,NA,96,87,9,9,0,0,0,,,,,,,,,,,,,,,,,1,,,,,4,4,,,,,,,,,,,,,,,,,,,,,,,,,,,,,,,,,,,,,,,,,,,,,,,,,,,,,,,,,,,,,,,
19GSL004S,2019,ADFG,Southern (Lower Cook Inlet) Set Gillnet,SOCKEYE,COMMERCIAL COM PROP,24,24117,Seldovia Bay,NA,NA,TRADITIONAL,6/12/2019,SET GILLNET,HOMER,NA,96,85,11,11,0,0,0,,,,,,,,,,,,,,,,,,,,,,7,3,,1,,,,,,,,,,,,,,,,,,,,,,,,,,,,,,,,,,,,,,,,,,,,,,,,,,,,,,,,,,,,,
19GSL005S,2019,ADFG,Southern (Lower Cook Inlet) Set Gillnet,SOCKEYE,COMMERCIAL COM PROP,25,24117,Seldovia Bay,NA,NA,TRADITIONAL,6/19/2019,SET GILLNET,HOMER,NA,96,85,11,10,0,1,0,1,,,,,,,,,,,,,,,,1,,,,,1,5,,2,,,,,,,,,,,,,,,,,,,,,,,,,,,,,,,,,,,,,,,,,,,,,,,,,,,,1,,,,,,,,,
19GSL012S,2019,ADFG,Southern (Lower Cook Inlet) Set Gillnet,SOCKEYE,COMMERCIAL COM PROP,26,24117,Seldovia Bay,NA,NA,TRADITIONAL,6/26/2019,SET GILLNET,HOMER,NA,96,93,3,3,0,0,0,2,,,,,,,,,,,,,,,,,,,,,1,,,,,,,,,,,,,,,,,,,,,,,,,,,,,,,,,,,,,,,,,,,,,,,,,,,,,,,,,,,,,,,,
19GSL023S,2019,ADFG,Southern (Lower Cook Inlet) Set Gillnet,SOCKEYE,COMMERCIAL COM PROP,27,24117,Seldovia Bay,NA,NA,TRADITIONAL,7/3/2019,SET GILLNET,HOMER,NA,95,91,4,3,0,1,0,2,,,,,,,,,,,,,,,,,,,,,,,,,,,,,,,,1,,,,,,,,,,,,,,,,,,,,,,,,,,,,,,,,,,,,,,,,,,1,,,,,,,,,,,
19GSL038S,2019,ADFG,Southern (Lower Cook Inlet) Set Gillnet,SOCKEYE,COMMERCIAL COM PROP,28,24117,Seldovia Bay,NA,NA,TRADITIONAL,7/10/2019,SET GILLNET,HOMER,NA,96,92,4,4,0,0,0,2,,,2,,,,,,,,,,,,,,,,,,,,,,,,,,,,,,,,,,,,,,,,,,,,,,,,,,,,,,,,,,,,,,,,,,,,,,,,,,,,,,,,,,
19GSL054S,2019,ADFG,Southern (Lower Cook Inlet) Set Gillnet,SOCKEYE,COMMERCIAL COM PROP,29,24117,Seldovia Bay,NA,NA,TRADITIONAL,7/17/2019,SET GILLNET,HOMER,NA,96,83,13,7,0,6,0,2,,,2,,,,,,,,,,,,,,,,,,1,,,,,,,,,,,1,1,,,,,,,,,,,,,,,,,,,,,,,,,,,,,,,,,,,,,,,,,4,,1,1,,,,,,,,
19GSL070S,2019,ADFG,Southern (Lower Cook Inlet) Set Gillnet,SOCKEYE,COMMERCIAL COM PROP,30,24117,Seldovia Bay,NA,NA,TRADITIONAL,7/24/2019,SET GILLNET,HOMER,NA,96,87,9,2,3,4,0,,,,1,1,,,,,,,,,,,,,,,,,,,,,,,,,,,,,,,,,,,,,,,3,,,,,,,,,,,,,,,,,,,,,,,,,,,,,,1,,1,1,1,,,,,,,,
19GSL084S,2019,ADFG,Southern (Lower Cook Inlet) Set Gillnet,SOCKEYE,COMMERCIAL COM PROP,31,24117,Seldovia Bay,NA,NA,TRADITIONAL,7/31/2019,SET GILLNET,HOMER,NA,96,91,5,0,3,2,0,,,,,,,,,,,,,,,,,,,,,,,,,,,,,,,,,,,,,,,,,,,,1,,,1,,1,,,,,,,,,,,,,,,,,,,,,,,,,,1,,1,,,,,,,,,
19PSD008S,2019,ADFG,Southern (Lower Cook Inlet) Purse Seine,SOCKEYE,COMMERCIAL COM PROP,25,24191,Neptune Bay,NA,NA,TRADITIONAL,6/21/2019,PURSE SEINE,HOMER,NA,12,6,6,6,0,0,0,,,,,2,2,,,,,,,,,,,2,,,,,,,,,,,,,,,,,,,,,,,,,,,,,,,,,,,,,,,,,,,,,,,,,,,,,,,,,,,,,,,,,,,,,
19PSD009S,2019,ADFG,Southern (Lower Cook Inlet) Purse Seine,SOCKEYE,COMMERCIAL COM PROP,25,24190,China Poot,NA,NA,TRADITIONAL,6/21/2019,PURSE SEINE,HOMER,NA,18,15,3,3,0,0,0,,,,,,2,,,,,,,,,,,1,,,,,,,,,,,,,,,,,,,,,,,,,,,,,,,,,,,,,,,,,,,,,,,,,,,,,,,,,,,,,,,,,,,,,
19PSD010S,2019,ADFG,Southern (Lower Cook Inlet) Purse Seine,SOCKEYE,COMMERCIAL COM PROP,25,24192,China Poot SHA,NA,NA,TRADITIONAL,6/21/2019,PURSE SEINE,HOMER,NA,96,14,82,82,0,0,0,,,,,11,33,,,,,,,,,,5,32,,,,,,,,,,,,,,,,,1,,,,,,,,,,,,,,,,,,,,,,,,,,,,,,,,,,,,,,,,,,,,,,,,,,,,
19PSD014S,2019,ADFG,Southern (Lower Cook Inlet) Purse Seine,SOCKEYE,COMMERCIAL COM PROP,26,24190,China Poot,NA,NA,TRADITIONAL,6/28/2019,PURSE SEINE,HOMER,NA,22,8,14,14,0,0,0,,,,,1,4,,,,,,,,,,2,7,,,,,,,,,,,,,,,,,,,,,,,,,,,,,,,,,,,,,,,,,,,,,,,,,,,,,,,,,,,,,,,,,,,,,
19PSD015S,2019,ADFG,Southern (Lower Cook Inlet) Purse Seine,SOCKEYE,COMMERCIAL COM PROP,26,24193,Hazel Lake SHA,NA,NA,TRADITIONAL,6/28/2019,PURSE SEINE,HOMER,NA,46,28,18,18,0,0,0,,,,,3,2,,,,,,,,,,,3,,,,,,,,,,,,,,,,,10,,,,,,,,,,,,,,,,,,,,,,,,,,,,,,,,,,,,,,,,,,,,,,,,,,,,
19PSD016S,2019,ADFG,Southern (Lower Cook Inlet) Purse Seine,SOCKEYE,COMMERCIAL COM PROP,26,24191,Neptune Bay,NA,NA,TRADITIONAL,6/28/2019,PURSE SEINE,HOMER,NA,4,2,2,2,0,0,0,,,,,,,,,,,,,,,,,,,,,,,,,,,,,,,,,1,1,,,,,,,,,,,,,,,,,,,,,,,,,,,,,,,,,,,,,,,,,,,,,,,,,,,,
19PSD017S,2019,ADFG,Southern (Lower Cook Inlet) Purse Seine,SOCKEYE,COMMERCIAL COM PROP,26,24191,Neptune Bay,NA,NA,TRADITIONAL,6/28/2019,PURSE SEINE,HOMER,NA,8,5,3,3,0,0,0,,,,,,,,,,,,,,,,,,,,,,,,,,,,,,,,,1,2,,,,,,,,,,,,,,,,,,,,,,,,,,,,,,,,,,,,,,,,,,,,,,,,,,,,
19PSD018S,2019,ADFG,Southern (Lower Cook Inlet) Purse Seine,SOCKEYE,COMMERCIAL COM PROP,27,24115,Halibut Cove,NA,NA,TRADITIONAL,7/1/2019,PURSE SEINE,HOMER,NA,5,2,3,3,0,0,0,,,,,2,1,,,,,,,,,,,,,,,,,,,,,,,,,,,,,,,,,,,,,,,,,,,,,,,,,,,,,,,,,,,,,,,,,,,,,,,,,,,,,,,,
19PSD019S,2019,ADFG,Southern (Lower Cook Inlet) Purse Seine,SOCKEYE,COMMERCIAL COM PROP,27,24115,Halibut Cove,NA,NA,TRADITIONAL,7/1/2019,PURSE SEINE,HOMER,NA,3,2,1,1,0,0,0,,,,,,1,,,,,,,,,,,,,,,,,,,,,,,,,,,,,,,,,,,,,,,,,,,,,,,,,,,,,,,,,,,,,,,,,,,,,,,,,,,,,,,,
19PSD020S,2019,ADFG,Southern (Lower Cook Inlet) Purse Seine,SOCKEYE,COMMERCIAL COM PROP,27,24190,China Poot,NA,NA,TRADITIONAL,7/1/2019,PURSE SEINE,HOMER,NA,44,11,33,33,0,0,0,,,,,6,4,,,,,,,,,,,21,,,,,,1,,,,,,,,,,,1,,,,,,,,,,,,,,,,,,,,,,,,,,,,,,,,,,,,,,,,,,,,,,,,,,,,
19PSD021S,2019,ADFG,Southern (Lower Cook Inlet) Purse Seine,SOCKEYE,COMMERCIAL COM PROP,27,24193,Hazel Lake SHA,NA,NA,TRADITIONAL,7/1/2019,PURSE SEINE,HOMER,NA,58,13,45,44,0,1,0,,,,,9,26,,,,,,,,,,,7,,,,,,,,,,,,,,,,,2,,,,,,,,,,,,,,,,,,,,,,,,,,,,,,,,,,,,,,,,,,,1,,,,,,,,,
19PSD025S,2019,ADFG,Southern (Lower Cook Inlet) Purse Seine,SOCKEYE,COMMERCIAL COM PROP,27,24191,Neptune Bay,NA,NA,TRADITIONAL,7/5/2019,PURSE SEINE,HOMER,NA,51,16,35,35,0,0,0,,,,,5,12,,,,,,,,,,1,4,,,,,,,,,,,,,,,,1,12,,,,,,,,,,,,,,,,,,,,,,,,,,,,,,,,,,,,,,,,,,,,,,,,,,,,
19PSD027S,2019,ADFG,Southern (Lower Cook Inlet) Purse Seine,SOCKEYE,COMMERCIAL COM PROP,27,24193,Hazel Lake SHA,NA,NA,TRADITIONAL,7/5/2019,PURSE SEINE,HOMER,NA,67,19,48,48,0,0,0,,,,,7,13,,,,,,,,,,1,15,,,,,,,,,,,,,,,,2,10,,,,,,,,,,,,,,,,,,,,,,,,,,,,,,,,,,,,,,,,,,,,,,,,,,,,
19PSD029S,2019,ADFG,Southern (Lower Cook Inlet) Purse Seine,SOCKEYE,COMMERCIAL COM PROP,28,24115,Halibut Cove,NA,NA,TRADITIONAL,7/8/2019,PURSE SEINE,HOMER,NA,24,17,7,7,0,0,0,,,,,,4,,,,,,,,,,1,2,,,,,,,,,,,,,,,,,,,,,,,,,,,,,,,,,,,,,,,,,,,,,,,,,,,,,,,,,,,,,,,,,,,,,
19PSD031S,2019,ADFG,Southern (Lower Cook Inlet) Purse Seine,SOCKEYE,COMMERCIAL COM PROP,28,24190,China Poot,NA,NA,TRADITIONAL,7/8/2019,PURSE SEINE,HOMER,NA,49,25,24,24,0,0,0,,,,,2,7,,,,,,,,,,2,12,,,,,,,,,,,,,,,,,1,,,,,,,,,,,,,,,,,,,,,,,,,,,,,,,,,,,,,,,,,,,,,,,,,,,,
19PSD033S,2019,ADFG,Southern (Lower Cook Inlet) Purse Seine,SOCKEYE,COMMERCIAL COM PROP,28,24190,China Poot,NA,NA,TRADITIONAL,7/8/2019,PURSE SEINE,HOMER,NA,36,25,11,11,0,0,0,,,,,,4,,,,,,,,,,2,4,,,,,,,,,,,,,,,,,1,,,,,,,,,,,,,,,,,,,,,,,,,,,,,,,,,,,,,,,,,,,,,,,,,,,,
19PSD039S,2019,ADFG,Southern (Lower Cook Inlet) Cost Recovery,SOCKEYE,COST RECOVERY,28,24192,China Poot SHA,NA,NA,PNP FISH,7/11/2019,PURSE SEINE,HOMER,NA,96,1,95,95,0,0,0,,,,,,2,,,,,,,,,,15,78,,,,,,,,,,,,,,,,,,,,,,,,,,,,,,,,,,,,,,,,,,,,,,,,,,,,,,,,,,,,,,,,,,,,,
19PSD040S,2019,ADFG,Southern (Lower Cook Inlet) Purse Seine,SOCKEYE,COMMERCIAL COM PROP,28,24193,Hazel Lake SHA,NA,NA,TRADITIONAL,7/12/2019,PURSE SEINE,HOMER,NA,70,20,50,50,0,0,0,,,,,18,28,,,,,,,,,,1,3,,,,,,,,,,,,,,,,,,,,,,,,,,,,,,,,,,,,,,,,,,,,,,,,,,,,,,,,,,,,,,,,,,,,,
19PSD042S,2019,ADFG,Southern (Lower Cook Inlet) Purse Seine,SOCKEYE,COMMERCIAL COM PROP,28,24193,Hazel Lake SHA,NA,NA,TRADITIONAL,7/12/2019,PURSE SEINE,HOMER,NA,34,14,20,20,0,0,0,,,,,6,11,,,,,,,,,,,1,,,,,,,,,,,,,,,,,2,,,,,,,,,,,,,,,,,,,,,,,,,,,,,,,,,,,,,,,,,,,,,,,,,,,,
19PSD044S,2019,ADFG,Southern (Lower Cook Inlet) Purse Seine,SOCKEYE,COMMERCIAL COM PROP,28,24191,Neptune Bay,NA,NA,TRADITIONAL,7/12/2019,PURSE SEINE,HOMER,NA,21,7,14,14,0,0,0,,,,,1,2,,,,,,,,,,,,,,,,,,,,,,,,,,,3,8,,,,,,,,,,,,,,,,,,,,,,,,,,,,,,,,,,,,,,,,,,,,,,,,,,,,
19PSD046S,2019,ADFG,Southern (Lower Cook Inlet) Purse Seine,SOCKEYE,COMMERCIAL COM PROP,28,24191,Neptune Bay,NA,NA,TRADITIONAL,7/12/2019,PURSE SEINE,HOMER,NA,52,27,25,25,0,0,0,,,,,1,4,,,,,,,,,,,2,,,,,,,,,,,,,,,,7,11,,,,,,,,,,,,,,,,,,,,,,,,,,,,,,,,,,,,,,,,,,,,,,,,,,,,
19PSD047S,2019,ADFG,Southern (Lower Cook Inlet) Purse Seine,SOCKEYE,COMMERCIAL COM PROP,29,24190,China Poot,NA,NA,TRADITIONAL,7/15/2019,PURSE SEINE,HOMER,NA,22,8,14,14,0,0,0,,,,,2,5,,,,,,,,,,2,5,,,,,,,,,,,,,,,,,,,,,,,,,,,,,,,,,,,,,,,,,,,,,,,,,,,,,,,,,,,,,,,,,,,,,
19PSD049S,2019,ADFG,Southern (Lower Cook Inlet) Purse Seine,SOCKEYE,COMMERCIAL COM PROP,29,24190,China Poot,NA,NA,TRADITIONAL,7/15/2019,PURSE SEINE,HOMER,NA,54,12,42,42,0,0,0,,,,,13,16,,,,,,,,,,4,9,,,,,,,,,,,,,,,,,,,,,,,,,,,,,,,,,,,,,,,,,,,,,,,,,,,,,,,,,,,,,,,,,,,,,
19PSD051S,2019,ADFG,Southern (Lower Cook Inlet) Purse Seine,SOCKEYE,COMMERCIAL COM PROP,29,24193,Hazel Lake SHA,NA,NA,TRADITIONAL,7/15/2019,PURSE SEINE,HOMER,NA,96,34,62,62,0,0,0,,,,,29,29,,,,,,,,,,1,3,,,,,,,,,,,,,,,,,,,,,,,,,,,,,,,,,,,,,,,,,,,,,,,,,,,,,,,,,,,,,,,,,,,,,
19PSD058S,2019,ADFG,Southern (Lower Cook Inlet) Purse Seine,SOCKEYE,COMMERCIAL COM PROP,29,24106,Tutka Bay,NA,NA,TRADITIONAL,7/19/2019,PURSE SEINE,HOMER,NA,23,9,14,14,0,0,0,,,,,1,3,,,,,,,,,,,1,,,,,,,,,,,,,,,,8,1,,,,,,,,,,,,,,,,,,,,,,,,,,,,,,,,,,,,,,,,,,,,,,,,,,,,
19PSD060S,2019,ADFG,Southern (Lower Cook Inlet) Purse Seine,SOCKEYE,COMMERCIAL COM PROP,29,24193,Hazel Lake SHA,NA,NA,TRADITIONAL,7/19/2019,PURSE SEINE,HOMER,NA,96,60,36,36,0,0,0,,,,,13,14,,,,,,,,,,1,6,,,,,,,,,,,,,,,,,2,,,,,,,,,,,,,,,,,,,,,,,,,,,,,,,,,,,,,,,,,,,,,,,,,,,,
19PSD062S,2019,ADFG,Southern (Lower Cook Inlet) Purse Seine,SOCKEYE,COMMERCIAL COM PROP,29,24190,China Poot,NA,NA,TRADITIONAL,7/19/2019,PURSE SEINE,HOMER,NA,75,34,41,41,0,0,0,,,,3,17,4,,,,,,,,,,6,10,,,,,,,,,,,,,,,,,,1,,,,,,,,,,,,,,,,,,,,,,,,,,,,,,,,,,,,,,,,,,,,,,,,,,,
19PSD063S,2019,ADFG,Southern (Lower Cook Inlet) Purse Seine,SOCKEYE,COMMERCIAL COM PROP,30,24190,China Poot,NA,NA,TRADITIONAL,7/22/2019,PURSE SEINE,HOMER,NA,49,23,26,26,0,0,0,,,,1,4,4,,,,,,,,,,6,9,,,,,,,,,,,,,,,,1,1,,,,,,,,,,,,,,,,,,,,,,,,,,,,,,,,,,,,,,,,,,,,,,,,,,,,
19PSD064S,2019,ADFG,Southern (Lower Cook Inlet) Purse Seine,SOCKEYE,COMMERCIAL COM PROP,30,24190,China Poot,NA,NA,TRADITIONAL,7/22/2019,PURSE SEINE,HOMER,NA,33,12,21,21,0,0,0,,,,,7,6,,,,,,,,,,4,4,,,,,,,,,,,,,,,,,,,,,,,,,,,,,,,,,,,,,,,,,,,,,,,,,,,,,,,,,,,,,,,,,,,,,
19PSD065S,2019,ADFG,Southern (Lower Cook Inlet) Purse Seine,SOCKEYE,COMMERCIAL COM PROP,30,24193,Hazel Lake SHA,NA,NA,TRADITIONAL,7/22/2019,PURSE SEINE,HOMER,NA,73,31,42,42,0,0,0,,,,,17,20,,,,,,,,,,,1,,,,,,,,,,,,,,,,1,3,,,,,,,,,,,,,,,,,,,,,,,,,,,,,,,,,,,,,,,,,,,,,,,,,,,,
19PSD067S,2019,ADFG,Southern (Lower Cook Inlet) Purse Seine,SOCKEYE,COMMERCIAL COM PROP,30,24106,Tutka Bay,NA,NA,TRADITIONAL,7/22/2019,PURSE SEINE,HOMER,NA,29,20,9,9,0,0,0,,,,,,3,,,,,,,,,,,,,,,,,,,,,,,,,,,3,3,,,,,,,,,,,,,,,,,,,,,,,,,,,,,,,,,,,,,,,,,,,,,,,,,,,,
19PSD073S,2019,ADFG,Southern (Lower Cook Inlet) Purse Seine,SOCKEYE,COMMERCIAL COM PROP,30,24193,Hazel Lake SHA,NA,NA,TRADITIONAL,7/26/2019,PURSE SEINE,HOMER,NA,96,73,23,22,0,1,0,,,,1,9,5,,,,,,,,,,1,6,,,,,,,,,,,,,,,,,,,,,,,,,,,,,,,,,,,,,,,,,,,,,,,,,,,,,,,,,,,,,1,,,,,,,,
19PSD075S,2019,ADFG,Southern (Lower Cook Inlet) Purse Seine,SOCKEYE,COMMERCIAL COM PROP,30,24190,China Poot,NA,NA,TRADITIONAL,7/26/2019,PURSE SEINE,HOMER,NA,70,58,12,12,0,0,0,,,,,2,1,,,,,,,,,,4,5,,,,,,,,,,,,,,,,,,,,,,,,,,,,,,,,,,,,,,,,,,,,,,,,,,,,,,,,,,,,,,,,,,,,,
19PSD077S,2019,ADFG,Southern (Lower Cook Inlet) Purse Seine,SOCKEYE,COMMERCIAL COM PROP,30,24115,Halibut Cove,NA,NA,TRADITIONAL,7/26/2019,PURSE SEINE,HOMER,NA,17,12,5,5,0,0,0,,,,,2,,,,,,,,,,,1,2,,,,,,,,,,,,,,,,,,,,,,,,,,,,,,,,,,,,,,,,,,,,,,,,,,,,,,,,,,,,,,,,,,,,,
19PSD078S,2019,ADFG,Southern (Lower Cook Inlet) Purse Seine,SOCKEYE,COMMERCIAL COM PROP,30,24115,Halibut Cove,NA,NA,TRADITIONAL,7/26/2019,PURSE SEINE,HOMER,NA,72,64,8,8,0,0,0,,,,1,1,3,,,,,,,,,,1,2,,,,,,,,,,,,,,,,,,,,,,,,,,,,,,,,,,,,,,,,,,,,,,,,,,,,,,,,,,,,,,,,,,,,,
19PSD079S,2019,ADFG,Southern (Lower Cook Inlet) Purse Seine,SOCKEYE,COMMERCIAL COM PROP,31,24115,Halibut Cove,NA,NA,TRADITIONAL,7/29/2019,PURSE SEINE,HOMER,NA,89,77,12,12,0,0,0,,,,,5,1,,,,,,,,,,2,4,,,,,,,,,,,,,,,,,,,,,,,,,,,,,,,,,,,,,,,,,,,,,,,,,,,,,,,,,,,,,,,,,,,,,
19PSD080S,2019,ADFG,Southern (Lower Cook Inlet) Purse Seine,SOCKEYE,COMMERCIAL COM PROP,31,24190,China Poot,NA,NA,TRADITIONAL,7/29/2019,PURSE SEINE,HOMER,NA,28,20,8,8,0,0,0,,,,1,2,2,,,,,,,,,,1,2,,,,,,,,,,,,,,,,,,,,,,,,,,,,,,,,,,,,,,,,,,,,,,,,,,,,,,,,,,,,,,,,,,,,,
19PSD081S,2019,ADFG,Southern (Lower Cook Inlet) Purse Seine,SOCKEYE,COMMERCIAL COM PROP,31,24190,China Poot,NA,NA,TRADITIONAL,7/29/2019,PURSE SEINE,HOMER,NA,84,64,20,20,0,0,0,,,,2,5,4,,,,,,,,,,5,3,,,,,,,,,,,,,,,,1,,,,,,,,,,,,,,,,,,,,,,,,,,,,,,,,,,,,,,,,,,,,,,,,,,,,,
19PSD082S,2019,ADFG,Southern (Lower Cook Inlet) Purse Seine,SOCKEYE,COMMERCIAL COM PROP,31,24193,Hazel Lake SHA,NA,NA,TRADITIONAL,7/29/2019,PURSE SEINE,HOMER,NA,78,60,18,18,0,0,0,,,,,7,7,,,,,,,,,,1,,,,,,,1,,,,,,,,,,2,,,,,,,,,,,,,,,,,,,,,,,,,,,,,,,,,,,,,,,,,,,,,,,,,,,,,
19PSD088S,2019,ADFG,Southern (Lower Cook Inlet) Purse Seine,SOCKEYE,COMMERCIAL COM PROP,31,24106,Tutka Bay,NA,NA,TRADITIONAL,8/2/2019,PURSE SEINE,HOMER,NA,65,60,5,5,0,0,0,,,,,2,,,,,,,,,,,,2,,,,,,,,,,,,,,,,,1,,,,,,,,,,,,,,,,,,,,,,,,,,,,,,,,,,,,,,,,,,,,,,,,,,,,
19PSD091S,2019,ADFG,Southern (Lower Cook Inlet) Purse Seine,SOCKEYE,COMMERCIAL COM PROP,32,24115,Halibut Cove,NA,NA,TRADITIONAL,8/5/2019,PURSE SEINE,HOMER,NA,13,12,1,1,0,0,0,,,,,,,,,,,,,,,,,1,,,,,,,,,,,,,,,,,,,,,,,,,,,,,,,,,,,,,,,,,,,,,,,,,,,,,,,,,,,,,,,,,,,,,
19PSD093S,2019,ADFG,Southern (Lower Cook Inlet) Purse Seine,SOCKEYE,COMMERCIAL COM PROP,32,24115,Halibut Cove,NA,NA,TRADITIONAL,8/5/2019,PURSE SEINE,HOMER,NA,94,90,4,4,0,0,0,,,,,3,,,,,,,,,,,,1,,,,,,,,,,,,,,,,,,,,,,,,,,,,,,,,,,,,,,,,,,,,,,,,,,,,,,,,,,,,,,,,,,,,,
20GBT001S,2020,ADFG,Southern (Lower Cook Inlet) Set Gillnet,SOCKEYE,COMMERCIAL COM PROP,24,2410618,"Tutka Bay, Barabara Creek",NA,NA,TRADITIONAL,6/10/2020,SET GILLNET,HOMER,NA,96,87,9,7,1,1,0,,,,,,,,,,,,,,,,,,,,,,,,6,,,1,,,,,,,,,,,,,,,,,,,,,,,,,,1,,,,,,,,,,,,,,,,,,,,,,,,1,,,,,,,,,
20GBT008S,2020,ADFG,Southern (Lower Cook Inlet) Set Gillnet,SOCKEYE,COMMERCIAL COM PROP,26,2410618,"Tutka Bay, Barabara Creek",NA,NA,TRADITIONAL,6/24/2020,SET GILLNET,HOMER,NA,52,44,8,8,0,0,0,,,,,,1,,,,,,,,,,,2,,,,,,,,,,,,,,,,,3,2,,,,,,,,,,,,,,,,,,,,,,,,,,,,,,,,,,,,,,,,,,,,,,,,,,,
20GBT009S,2020,ADFG,Southern (Lower Cook Inlet) Set Gillnet,SOCKEYE,COMMERCIAL COM PROP,26,2410618,"Tutka Bay, Barabara Creek",NA,NA,TRADITIONAL,6/24/2020,SET GILLNET,HOMER,NA,96,84,12,11,0,1,0,,,,,,,,,,,,,,,,,,,,,,,,2,,,,,,,,,,7,2,,,,,,,,,,,,,,,,,,,,,,,,,,,,,,,,,,,,,,,,,,,,1,,,,,,,
20GBT016S,2020,ADFG,Southern (Lower Cook Inlet) Set Gillnet,SOCKEYE,COMMERCIAL COM PROP,27,2410618,"Tutka Bay, Barabara Creek",NA,NA,TRADITIONAL,7/1/2020,SET GILLNET,HOMER,NA,96,86,10,9,0,1,0,,,,,,,,,,,,,,,,,1,,,,,,,1,1,1,1,,,,,,,2,2,,,,,,,,,,,,,,,,,,,,,,,,,,,,,,,,,,,,,,,,,,,1,,,,,,,,
20GBT018S,2020,ADFG,Southern (Lower Cook Inlet) Set Gillnet,SOCKEYE,COMMERCIAL COM PROP,27,2410618,"Tutka Bay, Barabara Creek",NA,NA,TRADITIONAL,7/1/2020,SET GILLNET,HOMER,NA,96,87,9,7,1,1,0,1,,,,,,,,,,,,,,,,,1,,,,,,1,,,,,,,,,,3,1,,,,,,,,,,,,,,,,,,,,,,1,,,,,,,,,,,,,,,,,,,,1,,,,,,,,,
20GBT025S,2020,ADFG,Southern (Lower Cook Inlet) Set Gillnet,SOCKEYE,COMMERCIAL COM PROP,28,2410618,"Tutka Bay, Barabara Creek",NA,NA,TRADITIONAL,7/8/2020,SET GILLNET,HOMER,NA,96,81,15,15,0,0,0,,,,,,1,2,,,,,,,,,,1,1,,,,,,,,,,,,,,,,1,9,,,,,,,,,,,,,,,,,,,,,,,,,,,,,,,,,,,,,,,,,,,,,,,,,,,
20GBT026S,2020,ADFG,Southern (Lower Cook Inlet) Set Gillnet,SOCKEYE,COMMERCIAL COM PROP,28,2410618,"Tutka Bay, Barabara Creek",NA,NA,TRADITIONAL,7/8/2020,SET GILLNET,HOMER,NA,96,94,2,2,0,0,0,,,,,,,,,,,,,,,,,1,,,,,,,,,,,,,,,,,,1,,,,,,,,,,,,,,,,,,,,,,,,,,,,,,,,,,,,,,,,,,,,,,,,,,,
20GBT051S,2020,ADFG,Southern (Lower Cook Inlet) Set Gillnet,SOCKEYE,COMMERCIAL COM PROP,30,2410618,"Tutka Bay, Barabara Creek",NA,NA,TRADITIONAL,7/22/2020,SET GILLNET,HOMER,NA,25,21,4,3,1,0,0,,,,,,,,,,,,,,,,,,,,,,,,,,,,,,,,,,,3,,,,,,,,,,,,,,,,,1,,,,,,,,,,,,,,,,,,,,,,,,,,,,,,,,,,
20GBT054S,2020,ADFG,Southern (Lower Cook Inlet) Set Gillnet,SOCKEYE,COMMERCIAL COM PROP,30,2410618,"Tutka Bay, Barabara Creek",NA,NA,TRADITIONAL,7/22/2020,SET GILLNET,HOMER,NA,54,53,1,1,0,0,0,,,,,,,,,,,,,,,,,1,,,,,,,,,,,,,,,,,,,,,,,,,,,,,,,,,,,,,,,,,,,,,,,,,,,,,,,,,,,,,,,,,,,,,
20GBT063S,2020,ADFG,Southern (Lower Cook Inlet) Set Gillnet,SOCKEYE,COMMERCIAL COM PROP,31,2410618,"Tutka Bay, Barabara Creek",NA,NA,TRADITIONAL,7/29/2020,SET GILLNET,HOMER,NA,77,76,1,1,0,0,0,,,,,,,,,,,,,,,,,1,,,,,,,,,,,,,,,,,,,,,,,,,,,,,,,,,,,,,,,,,,,,,,,,,,,,,,,,,,,,,,,,,,,,,
20GHC007S,2020,ADFG,Southern (Lower Cook Inlet) Set Gillnet,SOCKEYE,COMMERCIAL COM PROP,26,24115,Halibut Cove,NA,NA,TRADITIONAL,6/24/2020,SET GILLNET,HOMER,NA,69,59,10,10,0,0,0,,,,,,6,,,,,,,,,,,3,1,,,,,,,,,,,,,,,,,,,,,,,,,,,,,,,,,,,,,,,,,,,,,,,,,,,,,,,,,,,,,,,,,,,,
20GHC033S,2020,ADFG,Southern (Lower Cook Inlet) Set Gillnet,SOCKEYE,COMMERCIAL COM PROP,29,24115,Halibut Cove,NA,NA,TRADITIONAL,7/15/2020,SET GILLNET,HOMER,NA,5,4,1,1,0,0,0,,,,,,1,,,,,,,,,,,,,,,,,,,,,,,,,,,,,,,,,,,,,,,,,,,,,,,,,,,,,,,,,,,,,,,,,,,,,,,,,,,,,,,,
20GHC052S,2020,ADFG,Southern (Lower Cook Inlet) Set Gillnet,SOCKEYE,COMMERCIAL COM PROP,30,24115,Halibut Cove,NA,NA,TRADITIONAL,7/22/2020,SET GILLNET,HOMER,NA,36,33,3,3,0,0,0,,,,,,,,,,,,,,,,,2,1,,,,,,,,,,,,,,,,,,,,,,,,,,,,,,,,,,,,,,,,,,,,,,,,,,,,,,,,,,,,,,,,,,,,
20GHC059S,2020,ADFG,Southern (Lower Cook Inlet) Set Gillnet,SOCKEYE,COMMERCIAL COM PROP,30,24115,Halibut Cove,NA,NA,TRADITIONAL,7/25/2020,SET GILLNET,HOMER,NA,11,9,2,2,0,0,0,,,,,,,,,,,,,,,,,1,1,,,,,,,,,,,,,,,,,,,,,,,,,,,,,,,,,,,,,,,,,,,,,,,,,,,,,,,,,,,,,,,,,,,,
20GHC064S,2020,ADFG,Southern (Lower Cook Inlet) Set Gillnet,SOCKEYE,COMMERCIAL COM PROP,31,24115,Halibut Cove,NA,NA,TRADITIONAL,7/29/2020,SET GILLNET,HOMER,NA,46,42,4,4,0,0,0,,,,,,1,,,,,,,,,,,3,,,,,,,,,,,,,,,,,,,,,,,,,,,,,,,,,,,,,,,,,,,,,,,,,,,,,,,,,,,,,,,,,,,,,
20GMX002S,2020,ADFG,Southern (Lower Cook Inlet) Set Gillnet,SOCKEYE,COMMERCIAL COM PROP,24,241061718,"Tutka Bay, Seldovia Bay, Barabara Creek",NA,NA,TRADITIONAL,6/10/2020,SET GILLNET,HOMER,NA,96,83,13,13,0,0,0,,,,,,,,,,,,,,,,,,,,,,1,,12,,,,,,,,,,,,,,,,,,,,,,,,,,,,,,,,,,,,,,,,,,,,,,,,,,,,,,,,,,,,,,
20GMX004S,2020,ADFG,Southern (Lower Cook Inlet) Set Gillnet,SOCKEYE,COMMERCIAL COM PROP,25,241061718,"Tutka Bay, Seldovia Bay, Barabara Creek",NA,NA,TRADITIONAL,6/17/2020,SET GILLNET,HOMER,NA,96,86,10,8,0,2,0,2,,,,,1,,,,,,,,,,,,,,,,,,3,,,,,,,,,,2,,,,,,,,,,,,,,,,,,,,,,,,,,,,,,,,,,,,,,,,,,,,2,,,,,,,,
20GMX034S,2020,ADFG,Southern (Lower Cook Inlet) Set Gillnet,SOCKEYE,COMMERCIAL COM PROP,29,2410618,"Tutka Bay, Barabara Creek",NA,NA,TRADITIONAL,7/15/2020,SET GILLNET,HOMER,NA,96,95,1,1,0,0,0,,,,,,,,,,,,,,,,,,,,,,,,,,,,,,,,,,,1,,,,,,,,,,,,,,,,,,,,,,,,,,,,,,,,,,,,,,,,,,,,,,,,,,,
20GMX036S,2020,ADFG,Southern (Lower Cook Inlet) Set Gillnet,SOCKEYE,COMMERCIAL COM PROP,29,2410618,"Tutka Bay, Barabara Creek",NA,NA,TRADITIONAL,7/15/2020,SET GILLNET,HOMER,NA,57,55,2,2,0,0,0,,,,,,,,,,,,,,,,,,,,,,,,,,,,,,,,,,1,1,,,,,,,,,,,,,,,,,,,,,,,,,,,,,,,,,,,,,,,,,,,,,,,,,,,
20GSL003S,2020,ADFG,Southern (Lower Cook Inlet) Set Gillnet,SOCKEYE,COMMERCIAL COM PROP,25,24117,Seldovia Bay,NA,NA,TRADITIONAL,6/17/2020,SET GILLNET,HOMER,NA,96,93,3,3,0,0,0,,,,,,,,,,,,,,,,,1,,,,,,,1,,,1,,,,,,,,,,,,,,,,,,,,,,,,,,,,,,,,,,,,,,,,,,,,,,,,,,,,,,,,,,,
20GSL010S,2020,ADFG,Southern (Lower Cook Inlet) Set Gillnet,SOCKEYE,COMMERCIAL COM PROP,26,24117,Seldovia Bay,NA,NA,TRADITIONAL,6/24/2020,SET GILLNET,HOMER,NA,96,91,5,3,2,0,0,1,,,,,,,,,,,,,,,,,,,,,,,,,,,,,,,,,1,1,,,,,,,,,,,,,,,,,,2,,,,,,,,,,,,,,,,,,,,,,,,,,,,,,,,,
20GSL017S,2020,ADFG,Southern (Lower Cook Inlet) Set Gillnet,SOCKEYE,COMMERCIAL COM PROP,27,24117,Seldovia Bay,NA,NA,TRADITIONAL,7/1/2020,SET GILLNET,HOMER,NA,96,86,10,6,4,0,0,,,,,,,,,,,,,,,,,1,,,,,,,3,1,,,,,,,,,,1,,,,,,,,,,,,,,,1,,1,,,,1,1,,,,,,,,,,,,,,,,,,,,,,,,,,,,,
20GSL024S,2020,ADFG,Southern (Lower Cook Inlet) Set Gillnet,SOCKEYE,COMMERCIAL COM PROP,28,24117,Seldovia Bay,NA,NA,TRADITIONAL,7/8/2020,SET GILLNET,HOMER,NA,96,94,2,1,1,0,0,,,,,,,,,,,,,,,,,,1,,,,,,,,,,,,,,,,,,,,,,,,,,,,,,,,,,,,,,,1,,,,,,,,,,,,,,,,,,,,,,,,,,,,,
20GSL035S,2020,ADFG,Southern (Lower Cook Inlet) Set Gillnet,SOCKEYE,COMMERCIAL COM PROP,29,24117,Seldovia Bay,NA,NA,TRADITIONAL,7/15/2020,SET GILLNET,HOMER,NA,96,85,11,7,3,1,0,,,,,,,,,,,,,,,,,1,1,,,,,,,,,,,,,,,,1,4,,,,,,,,,,,,,,,,1,,1,,,,1,,,,,,,,,,,,,,1,,,,,,,,,,,,,,,
20GSL056S,2020,ADFG,Southern (Lower Cook Inlet) Set Gillnet,SOCKEYE,COMMERCIAL COM PROP,30,24117,Seldovia Bay,NA,NA,TRADITIONAL,7/22/2020,SET GILLNET,HOMER,NA,38,37,1,1,0,0,0,1,,,,,,,,,,,,,,,,,,,,,,,,,,,,,,,,,,,,,,,,,,,,,,,,,,,,,,,,,,,,,,,,,,,,,,,,,,,,,,,,,,,,,
20GSL062S,2020,ADFG,Southern (Lower Cook Inlet) Set Gillnet,SOCKEYE,COMMERCIAL COM PROP,31,24117,Seldovia Bay,NA,NA,TRADITIONAL,7/29/2020,SET GILLNET,HOMER,NA,48,44,4,2,1,1,0,1,,,,,,,,,,,,,,,,,,,,,,,1,,,,,,,,,,,,,,,,,,,,,,,,,1,,,,,,,,,,,,,,,,,,,,,,,,,,1,,,,,,,,,,,
20PSD005S,2020,ADFG,Southern (Lower Cook Inlet) Purse Seine,SOCKEYE,COMMERCIAL COM PROP,25,24190,China Poot,NA,NA,TRADITIONAL,6/19/2020,PURSE SEINE,HOMER,NA,40,33,7,7,0,0,0,,,,,,3,,,,,,,,,,,4,,,,,,,,,,,,,,,,,,,,,,,,,,,,,,,,,,,,,,,,,,,,,,,,,,,,,,,,,,,,,,,,,,,,,
20PSD006S,2020,ADFG,Southern (Lower Cook Inlet) Purse Seine,SOCKEYE,COMMERCIAL COM PROP,26,24190,China Poot,NA,NA,TRADITIONAL,6/22/2020,PURSE SEINE,HOMER,NA,29,13,16,16,0,0,0,,,,,,5,,,,,,,,,,,6,5,,,,,,,,,,,,,,,,,,,,,,,,,,,,,,,,,,,,,,,,,,,,,,,,,,,,,,,,,,,,,,,,,,,,
20PSD011S,2020,ADFG,Southern (Lower Cook Inlet) Purse Seine,SOCKEYE,COMMERCIAL COM PROP,26,24192,China Poot SHA,NA,NA,TRADITIONAL,6/26/2020,PURSE SEINE,HOMER,NA,96,31,65,64,0,1,0,,,,,,17,2,,,,,,,,,,25,19,,,,,,,,,,,,,,,,1,,,,,,,,,,,,,,,,,,,,,,,,,,,,,,,,,,,,,,,,,,,,1,,,,,,,,
20PSD012S,2020,ADFG,Southern (Lower Cook Inlet) Purse Seine,SOCKEYE,COMMERCIAL COM PROP,26,24193,Hazel Lake SHA,NA,NA,TRADITIONAL,6/26/2020,PURSE SEINE,HOMER,NA,52,30,22,22,0,0,0,,,,,,14,1,,,,,,,,,,3,4,,,,,,,,,,,,,,,,,,,,,,,,,,,,,,,,,,,,,,,,,,,,,,,,,,,,,,,,,,,,,,,,,,,,
20PSD013S,2020,ADFG,Southern (Lower Cook Inlet) Purse Seine,SOCKEYE,COMMERCIAL COM PROP,26,24190,China Poot,NA,NA,TRADITIONAL,6/26/2020,PURSE SEINE,HOMER,NA,31,12,19,19,0,0,0,,,,,,5,,,,,,,,,,,7,6,,,,,,,,,,,,,,,,,1,,,,,,,,,,,,,,,,,,,,,,,,,,,,,,,,,,,,,,,,,,,,,,,,,,,
20PSD014S,2020,ADFG,Southern (Lower Cook Inlet) Purse Seine,SOCKEYE,COMMERCIAL COM PROP,27,24192,China Poot SHA,NA,NA,TRADITIONAL,6/29/2020,PURSE SEINE,HOMER,NA,96,25,71,71,0,0,0,,,,,,5,,,,,,,,,,,30,36,,,,,,,,,,,,,,,,,,,,,,,,,,,,,,,,,,,,,,,,,,,,,,,,,,,,,,,,,,,,,,,,,,,,
20PSD015S,2020,ADFG,Southern (Lower Cook Inlet) Purse Seine,SOCKEYE,COMMERCIAL COM PROP,27,24191,Neptune Bay,NA,NA,TRADITIONAL,6/29/2020,PURSE SEINE,HOMER,NA,85,48,37,37,0,0,0,,,,,,4,,,,,,,,,,,,2,,,,,,,,,,,,,,,,10,21,,,,,,,,,,,,,,,,,,,,,,,,,,,,,,,,,,,,,,,,,,,,,,,,,,,
20PSD019S,2020,ADFG,Southern (Lower Cook Inlet) Purse Seine,SOCKEYE,COMMERCIAL COM PROP,27,24191,Neptune Bay,NA,NA,TRADITIONAL,7/1/2020,PURSE SEINE,HOMER,NA,61,30,31,31,0,0,0,,,,,,23,,,,,,,,,,,3,5,,,,,,,,,,,,,,,,,,,,,,,,,,,,,,,,,,,,,,,,,,,,,,,,,,,,,,,,,,,,,,,,,,,,
20PSD020S,2020,ADFG,Southern (Lower Cook Inlet) Purse Seine,SOCKEYE,COMMERCIAL COM PROP,27,24191,Neptune Bay,NA,NA,TRADITIONAL,7/1/2020,PURSE SEINE,HOMER,NA,97,57,40,40,0,0,0,,,,,,25,3,,,,,,,,,,2,8,,,,,,,,,,,,,,,,,2,,,,,,,,,,,,,,,,,,,,,,,,,,,,,,,,,,,,,,,,,,,,,,,,,,,
20PSD021S,2020,ADFG,Southern (Lower Cook Inlet) Purse Seine,SOCKEYE,COMMERCIAL COM PROP,28,24192,China Poot SHA,NA,NA,TRADITIONAL,7/6/2020,PURSE SEINE,HOMER,NA,96,10,86,86,0,0,0,,,,,,3,1,,,,,,,,,,12,70,,,,,,,,,,,,,,,,,,,,,,,,,,,,,,,,,,,,,,,,,,,,,,,,,,,,,,,,,,,,,,,,,,,,
20PSD022S,2020,ADFG,Southern (Lower Cook Inlet) Purse Seine,SOCKEYE,COMMERCIAL COM PROP,28,24190,China Poot,NA,NA,TRADITIONAL,7/6/2020,PURSE SEINE,HOMER,NA,11,6,5,5,0,0,0,,,,,,1,,,,,,,,,,,,4,,,,,,,,,,,,,,,,,,,,,,,,,,,,,,,,,,,,,,,,,,,,,,,,,,,,,,,,,,,,,,,,,,,,
20PSD023S,2020,ADFG,Southern (Lower Cook Inlet) Purse Seine,SOCKEYE,COMMERCIAL COM PROP,28,24190,China Poot,NA,NA,TRADITIONAL,7/6/2020,PURSE SEINE,HOMER,NA,17,6,11,11,0,0,0,,,,,,,,,,,,,,,,,4,7,,,,,,,,,,,,,,,,,,,,,,,,,,,,,,,,,,,,,,,,,,,,,,,,,,,,,,,,,,,,,,,,,,,,
20PSD029S,2020,ADFG,Southern (Lower Cook Inlet) Purse Seine,SOCKEYE,COMMERCIAL COM PROP,28,24191,Neptune Bay,NA,NA,TRADITIONAL,7/10/2020,PURSE SEINE,HOMER,NA,89,57,32,32,0,0,0,,,,,,,5,,,,,,,,,,,14,,,,,,,,,,,,,,,,,13,,,,,,,,,,,,,,,,,,,,,,,,,,,,,,,,,,,,,,,,,,,,,,,,,,,
20PSD030S,2020,ADFG,Southern (Lower Cook Inlet) Purse Seine,SOCKEYE,COMMERCIAL COM PROP,28,24192,China Poot SHA,NA,NA,TRADITIONAL,7/10/2020,PURSE SEINE,HOMER,NA,96,59,37,37,0,0,0,,,,,,15,12,,,,,,,,,,,6,,,,,,,,,,,,,,,,,4,,,,,,,,,,,,,,,,,,,,,,,,,,,,,,,,,,,,,,,,,,,,,,,,,,,
20PSD031S,2020,ADFG,Southern (Lower Cook Inlet) Purse Seine,SOCKEYE,COMMERCIAL COM PROP,29,24192,China Poot SHA,NA,NA,TRADITIONAL,7/13/2020,PURSE SEINE,HOMER,NA,96,27,69,69,0,0,0,,,,,,4,3,,,,,,,,,,4,58,,,,,,,,,,,,,,,,,,,,,,,,,,,,,,,,,,,,,,,,,,,,,,,,,,,,,,,,,,,,,,,,,,,,
20PSD032S,2020,ADFG,Southern (Lower Cook Inlet) Purse Seine,SOCKEYE,COMMERCIAL COM PROP,29,24191,Neptune Bay,NA,NA,TRADITIONAL,7/12/2020,PURSE SEINE,HOMER,NA,43,31,12,12,0,0,0,,,,,,,6,,,,,,,,,,,5,,,,,,,,,,,,,,,,,1,,,,,,,,,,,,,,,,,,,,,,,,,,,,,,,,,,,,,,,,,,,,,,,,,,,
20PSD039S,2020,ADFG,Southern (Lower Cook Inlet) Purse Seine,SOCKEYE,COMMERCIAL COM PROP,29,24192,China Poot SHA,NA,NA,TRADITIONAL,7/17/2020,PURSE SEINE,HOMER,NA,56,30,26,26,0,0,0,,,,,,5,9,,,,,,,,,,2,10,,,,,,,,,,,,,,,,,,,,,,,,,,,,,,,,,,,,,,,,,,,,,,,,,,,,,,,,,,,,,,,,,,,,
20PSD040S,2020,ADFG,Southern (Lower Cook Inlet) Purse Seine,SOCKEYE,COMMERCIAL COM PROP,29,24106,Tutka Bay,NA,NA,TRADITIONAL,7/17/2020,PURSE SEINE,HOMER,NA,23,14,9,9,0,0,0,,,,,,,4,,,,,,,,,,,1,,,,,,,,,,,,,,,,,4,,,,,,,,,,,,,,,,,,,,,,,,,,,,,,,,,,,,,,,,,,,,,,,,,,,
20PSD041S,2020,ADFG,Southern (Lower Cook Inlet) Purse Seine,SOCKEYE,COMMERCIAL COM PROP,29,24191,Neptune Bay,NA,NA,TRADITIONAL,7/17/2020,PURSE SEINE,HOMER,NA,37,28,9,9,0,0,0,,,,,,,3,,,,,,,,,,,2,,,,,,,,,,,,,,,,1,3,,,,,,,,,,,,,,,,,,,,,,,,,,,,,,,,,,,,,,,,,,,,,,,,,,,
20PSD045S,2020,ADFG,Southern (Lower Cook Inlet) Purse Seine,SOCKEYE,COMMERCIAL COM PROP,30,24191,Neptune Bay,NA,NA,TRADITIONAL,7/20/2020,PURSE SEINE,HOMER,NA,38,27,11,11,0,0,0,,,,,,2,1,,,,,,,,,,,7,,,,,,,,,,,,,,,,,1,,,,,,,,,,,,,,,,,,,,,,,,,,,,,,,,,,,,,,,,,,,,,,,,,,,
20PSD047S,2020,ADFG,Southern (Lower Cook Inlet) Purse Seine,SOCKEYE,COMMERCIAL COM PROP,30,24191,Neptune Bay,NA,NA,TRADITIONAL,7/20/2020,PURSE SEINE,HOMER,NA,29,22,7,7,0,0,0,,,,,,,4,,,,,,,,,,,2,,,,,,,,,,,,,,,,,1,,,,,,,,,,,,,,,,,,,,,,,,,,,,,,,,,,,,,,,,,,,,,,,,,,,
20PSD049S,2020,ADFG,Southern (Lower Cook Inlet) Purse Seine,SOCKEYE,COMMERCIAL COM PROP,30,24192,China Poot SHA,NA,NA,TRADITIONAL,7/20/2020,PURSE SEINE,HOMER,NA,96,0,96,96,0,0,0,,,,,,1,1,,,,,,,,,,4,90,,,,,,,,,,,,,,,,,,,,,,,,,,,,,,,,,,,,,,,,,,,,,,,,,,,,,,,,,,,,,,,,,,,,
21GHC065S,2021,ADFG,Southern (Lower Cook Inlet) Set Gillnet,SOCKEYE,COMMERCIAL COM PROP,31,24115,Halibut Cove,NA,NA,TRADITIONAL,7/28/2021,SET GILLNET,HOMER,NA,96,84,12,12,0,0,0,,,,,,,2,,,,,,,,,,1,8,,,,,,,,,,,,,,,,,1,,,,,,,,,,,,,,,,,,,,,,,,,,,,,,,,,,,,,,,,,,,,,,,,,,,
21GMX001S,2021,ADFG,Southern (Lower Cook Inlet) Set Gillnet,SOCKEYE,COMMERCIAL COM PROP,23,241061718,"Tutka Bay, Seldovia Bay, Barabara Creek",NA,NA,TRADITIONAL,6/5/2021,SET GILLNET,HOMER,NA,96,43,53,53,0,0,0,,,,,,,,,,,,,,,,,,,,,,,,2,,21,26,3,1,,,,,,,,,,,,,,,,,,,,,,,,,,,,,,,,,,,,,,,,,,,,,,,,,,,,,,,,,
21GMX002S,2021,ADFG,Southern (Lower Cook Inlet) Set Gillnet,SOCKEYE,COMMERCIAL COM PROP,24,2410618,"Tutka Bay, Barabara Creek",NA,NA,TRADITIONAL,6/9/2021,SET GILLNET,HOMER,NA,69,36,33,33,0,0,0,,,,,,,,,,,,,,,,,,,,,,,,1,,13,11,8,,,,,,,,,,,,,,,,,,,,,,,,,,,,,,,,,,,,,,,,,,,,,,,,,,,,,,,,,,
21GMX003S,2021,ADFG,Southern (Lower Cook Inlet) Set Gillnet,SOCKEYE,COMMERCIAL COM PROP,24,241061718,"Tutka Bay, Seldovia Bay, Barabara Creek",NA,NA,TRADITIONAL,6/9/2021,SET GILLNET,HOMER,NA,96,54,42,42,0,0,0,,,,,,,,,,,,,,,,,,1,,,,,,,,17,20,2,2,,,,,,,,,,,,,,,,,,,,,,,,,,,,,,,,,,,,,,,,,,,,,,,,,,,,,,,,,
21GMX004S,2021,ADFG,Southern (Lower Cook Inlet) Set Gillnet,SOCKEYE,COMMERCIAL COM PROP,24,24106/17,"Tutka Bay, Seldovia Bay",NA,NA,TRADITIONAL,6/12/2021,SET GILLNET,HOMER,NA,96,65,31,31,0,0,0,,,,,,,,,,,,,,,,,,,,,,,,,,12,18,1,,,,,,,,,,,,,,,,,,,,,,,,,,,,,,,,,,,,,,,,,,,,,,,,,,,,,,,,,,
21GMX005S,2021,ADFG,Southern (Lower Cook Inlet) Set Gillnet,SOCKEYE,COMMERCIAL COM PROP,25,241061718,"Tutka Bay, Seldovia Bay, Barabara Creek",NA,NA,TRADITIONAL,6/16/2021,SET GILLNET,HOMER,NA,96,75,21,21,0,0,0,,,,,,,,,,,,,,,,,,,,,,,,,,9,7,2,2,,,,,,,1,,,,,,,,,,,,,,,,,,,,,,,,,,,,,,,,,,,,,,,,,,,,,,,,,,
21GMX006S,2021,ADFG,Southern (Lower Cook Inlet) Set Gillnet,SOCKEYE,COMMERCIAL COM PROP,25,2410618,"Tutka Bay, Barabara Creek",NA,NA,TRADITIONAL,6/16/2021,SET GILLNET,HOMER,NA,73,63,10,7,3,0,0,,,,,,,,,,,,,,,,,,,,,,,,,,1,4,2,,,,,,,,,,,,,,,,,,,,,,,,,1,,,1,,,1,,,,,,,,,,,,,,,,,,,,,,,,,,,
21GMX007S,2021,ADFG,Southern (Lower Cook Inlet) Set Gillnet,SOCKEYE,COMMERCIAL COM PROP,25,241061718,"Tutka Bay, Seldovia Bay, Barabara Creek",NA,NA,TRADITIONAL,6/19/2021,SET GILLNET,HOMER,NA,96,89,7,7,0,0,0,,,,,,,,,,,,,,,,,,,,,,,,,,2,1,,,,,,,,,4,,,,,,,,,,,,,,,,,,,,,,,,,,,,,,,,,,,,,,,,,,,,,,,,,,
21GMX008S,2021,ADFG,Southern (Lower Cook Inlet) Set Gillnet,SOCKEYE,COMMERCIAL COM PROP,26,2410618,"Tutka Bay, Barabara Creek",NA,NA,TRADITIONAL,6/21/2021,SET GILLNET,HOMER,NA,96,85,11,6,5,0,0,,,,,,,,,,,,,,,,,,,,,,,,,,1,3,2,,,,,,,,,,,,,,,,,,,,,,,,,,,1,,,1,1,,,2,,,,,,,,,,,,,,,,,,,,,,,,
21GMX009S,2021,ADFG,Southern (Lower Cook Inlet) Set Gillnet,SOCKEYE,COMMERCIAL COM PROP,26,241061718,"Tutka Bay, Seldovia Bay, Barabara Creek",NA,NA,TRADITIONAL,6/23/2021,SET GILLNET,HOMER,NA,96,84,12,10,2,0,0,,,,,,,,1,,,,,,,,,,,,,,,,,,4,1,1,,,,,,,,3,,,,,,,,,,,,,,,,,,,1,,,,,1,,,,,,,,,,,,,,,,,,,,,,,,,,
21GMX010S,2021,ADFG,Southern (Lower Cook Inlet) Set Gillnet,SOCKEYE,COMMERCIAL COM PROP,26,2410618,"Tutka Bay, Barabara Creek",NA,NA,TRADITIONAL,6/23/2021,SET GILLNET,HOMER,NA,90,81,9,6,3,0,0,,,,,,,,,,,,,,,,,,,,,,,,,,2,,3,1,,,,,,,,,,,,,,,,,,,,,,,,,,,,,1,1,,1,,,,,,,,,,,,,,,,,,,,,,,,,
21GMX013S,2021,ADFG,Southern (Lower Cook Inlet) Set Gillnet,SOCKEYE,COMMERCIAL COM PROP,26,241061718,"Tutka Bay, Seldovia Bay, Barabara Creek",NA,NA,TRADITIONAL,6/26/2021,SET GILLNET,HOMER,NA,96,77,19,15,3,1,0,,,,,,,1,,,,,,,,,,,,,,,,,,,3,5,,,,,,,,1,5,,,,,,,,,,,,,,,,,,,,,,1,1,1,,,,,,,,,,,,,,,,,,,1,,,,,,,
21GMX015S,2021,ADFG,Southern (Lower Cook Inlet) Set Gillnet,SOCKEYE,COMMERCIAL COM PROP,27,24118,Barabara Creek,NA,NA,TRADITIONAL,6/30/2021,SET GILLNET,HOMER,NA,96,88,8,7,0,1,0,,,,,,,,,,,,,,,,,,1,,,,,,,,2,,,,,,,,,,4,,,,,,,,,,,,,,,,,,,,,,,,,,,,,,,,,,,,,,,,,,,1,,,,,,,
21GMX016S,2021,ADFG,Southern (Lower Cook Inlet) Set Gillnet,SOCKEYE,COMMERCIAL COM PROP,27,241061718,"Tutka Bay, Seldovia Bay, Barabara Creek",NA,NA,TRADITIONAL,6/30/2021,SET GILLNET,HOMER,NA,96,84,12,11,1,0,0,,,,,,,,,,,,,,,,,,,,,,,,,,1,,,,,,,,,1,9,,,,,,,,,,,,,,,,,,1,,,,,,,,,,,,,,,,,,,,,,,,,,,,,,,,
21GMX017S,2021,ADFG,Southern (Lower Cook Inlet) Set Gillnet,SOCKEYE,COMMERCIAL COM PROP,27,2410618,"Tutka Bay, Barabara Creek",NA,NA,TRADITIONAL,6/30/2021,SET GILLNET,HOMER,NA,74,63,11,11,0,0,0,,,,,,,,,,,,,,,,,,3,,,,,,,,1,4,,,,,,,,,3,,,,,,,,,,,,,,,,,,,,,,,,,,,,,,,,,,,,,,,,,,,,,,,,,,
21GMX021S,2021,ADFG,Southern (Lower Cook Inlet) Set Gillnet,SOCKEYE,COMMERCIAL COM PROP,27,241061718,"Tutka Bay, Seldovia Bay, Barabara Creek",NA,NA,TRADITIONAL,7/3/2021,SET GILLNET,HOMER,NA,96,77,19,15,3,1,0,,,,,,,2,,,,,,,,,,,5,,,,,,,,2,1,,,,,,,,1,4,,,,,,,,,,,,,,,,,,,,,,2,1,,,,,,,,,,,,,1,,,,,,,,,,,,,,
21GMX024S,2021,ADFG,Southern (Lower Cook Inlet) Set Gillnet,SOCKEYE,COMMERCIAL COM PROP,28,241061718,"Tutka Bay, Seldovia Bay, Barabara Creek",NA,NA,TRADITIONAL,7/7/2021,SET GILLNET,HOMER,NA,33,25,8,7,0,1,0,,,,,,,,1,,,,,,,,,,,2,,,,,,,,,,,,,,,,,4,,,,,,,,,,,,,,,,,,,,,,,,,,,,,,,,,,,,,,,,,,,,1,,,,,,
21GMX025S,2021,ADFG,Southern (Lower Cook Inlet) Set Gillnet,SOCKEYE,COMMERCIAL COM PROP,28,241061718,"Tutka Bay, Seldovia Bay, Barabara Creek",NA,NA,TRADITIONAL,7/7/2021,SET GILLNET,HOMER,NA,42,41,1,1,0,0,0,,,,,,,,,,,,,,,,,,,,,,,,,,,,,,,,,,,1,,,,,,,,,,,,,,,,,,,,,,,,,,,,,,,,,,,,,,,,,,,,,,,,,,,
21GMX026S,2021,ADFG,Southern (Lower Cook Inlet) Set Gillnet,SOCKEYE,COMMERCIAL COM PROP,28,241061718,"Tutka Bay, Seldovia Bay, Barabara Creek",NA,NA,TRADITIONAL,7/7/2021,SET GILLNET,HOMER,NA,96,74,22,20,2,0,0,,,,,,,,,,,,,,,,,,1,1,,,,,,,,,,,,,,,,4,14,,,,,,,,,,,,,,,,,,,,,,1,1,,,,,,,,,,,,,,,,,,,,,,,,,,,
21GMX033S,2021,ADFG,Southern (Lower Cook Inlet) Set Gillnet,SOCKEYE,COMMERCIAL COM PROP,28,241061718,"Tutka Bay, Seldovia Bay, Barabara Creek",NA,NA,TRADITIONAL,7/10/2021,SET GILLNET,HOMER,NA,96,76,20,18,2,0,0,,,,,,,3,,,,,,,,,,,5,1,,,,,,,,1,,,,,,,,1,7,,,,,,,,,,,,,,,,,,1,,,1,,,,,,,,,,,,,,,,,,,,,,,,,,,,,
21GMX038S,2021,ADFG,Southern (Lower Cook Inlet) Set Gillnet,SOCKEYE,COMMERCIAL COM PROP,29,241061718,"Tutka Bay, Seldovia Bay, Barabara Creek",NA,NA,TRADITIONAL,7/14/2021,SET GILLNET,HOMER,NA,96,85,11,11,0,0,0,,,,,,,1,,,,,,,,,,,2,,,,,,,,,,,,,,,,,,8,,,,,,,,,,,,,,,,,,,,,,,,,,,,,,,,,,,,,,,,,,,,,,,,,,
21GMX040S,2021,ADFG,Southern (Lower Cook Inlet) Set Gillnet,SOCKEYE,COMMERCIAL COM PROP,29,241061718,"Tutka Bay, Seldovia Bay, Barabara Creek",NA,NA,TRADITIONAL,7/14/2021,SET GILLNET,HOMER,NA,39,30,9,4,3,2,0,,,,,,,,,,,,,,,,,,1,2,,,,,,,,,,,,,,,,,1,,,,,,,,,,,,,,,,,,,,,1,1,1,,,,,,,,,,,,,,,,,,,,2,,,,,,,
21GMX045S,2021,ADFG,Southern (Lower Cook Inlet) Set Gillnet,SOCKEYE,COMMERCIAL COM PROP,29,241061718,"Tutka Bay, Seldovia Bay, Barabara Creek",NA,NA,TRADITIONAL,7/17/2021,SET GILLNET,HOMER,NA,96,85,11,5,6,0,0,,,,,,,,,,,,,,,,,,2,,,,,,,,1,,,,,,,,,1,1,,,,,,,,,,,,,,,,,2,,,,,3,,,,1,,,,,,,,,,,,,,,,,,,,,,,,
21GMX050S,2021,ADFG,Southern (Lower Cook Inlet) Set Gillnet,SOCKEYE,COMMERCIAL COM PROP,30,241061718,"Tutka Bay, Seldovia Bay, Barabara Creek",NA,NA,TRADITIONAL,7/22/2021,SET GILLNET,HOMER,NA,95,90,5,5,0,0,0,,,,,,,,,,,,,,,,,,4,1,,,,,,,,,,,,,,,,,,,,,,,,,,,,,,,,,,,,,,,,,,,,,,,,,,,,,,,,,,,,,,,,,,,
21GMX059S,2021,ADFG,Southern (Lower Cook Inlet) Set Gillnet,SOCKEYE,COMMERCIAL COM PROP,30,241061718,"Tutka Bay, Seldovia Bay, Barabara Creek",NA,NA,TRADITIONAL,7/24/2021,SET GILLNET,HOMER,NA,96,91,5,3,2,0,0,,,,,,,,1,,,,,,,,,,,,,,,,,,,,,,,,,,,1,1,,,,,,,,,,,,,,,,,1,1,,,,,,,,,,,,,,,,,,,,,,,,,,,,,,,,
21GMX066S,2021,ADFG,Southern (Lower Cook Inlet) Set Gillnet,SOCKEYE,COMMERCIAL COM PROP,31,241061718,"Tutka Bay, Seldovia Bay, Barabara Creek",NA,NA,TRADITIONAL,7/28/2021,SET GILLNET,HOMER,NA,96,88,8,8,0,0,0,,,,,,,2,,,,,,,,,,,5,,,,,,,,,,,,,,,,,1,,,,,,,,,,,,,,,,,,,,,,,,,,,,,,,,,,,,,,,,,,,,,,,,,,,
21PSD011S,2021,ADFG,Southern (Lower Cook Inlet) Purse Seine,SOCKEYE,COMMERCIAL COM PROP,26,24190,China Poot,NA,NA,TRADITIONAL,6/25/2021,PURSE SEINE,HOMER,NA,57,22,35,35,0,0,0,,,,,,,2,,,,,,,,,,,16,16,,,,,,,,,,,,,,,,,1,,,,,,,,,,,,,,,,,,,,,,,,,,,,,,,,,,,,,,,,,,,,,,,,,,
21PSD012S,2021,ADFG,Southern (Lower Cook Inlet) Purse Seine,SOCKEYE,COMMERCIAL COM PROP,26,24190,China Poot,NA,NA,TRADITIONAL,6/25/2021,PURSE SEINE,HOMER,NA,42,16,26,26,0,0,0,,,,,,,2,1,,,,,,,,,,10,12,,,,,,,,,,,,,,,,,1,,,,,,,,,,,,,,,,,,,,,,,,,,,,,,,,,,,,,,,,,,,,,,,,,,
21PSD014S,2021,ADFG,Southern (Lower Cook Inlet) Purse Seine,SOCKEYE,COMMERCIAL COM PROP,27,24190,China Poot,NA,NA,TRADITIONAL,6/28/2021,PURSE SEINE,HOMER,NA,56,28,28,28,0,0,0,,,,,,,4,1,,,,,,,,,,16,7,,,,,,,,,,,,,,,,,,,,,,,,,,,,,,,,,,,,,,,,,,,,,,,,,,,,,,,,,,,,,,,,,,,
21PSD018S,2021,ADFG,Southern (Lower Cook Inlet) Purse Seine,SOCKEYE,COMMERCIAL COM PROP,27,24192,China Poot SHA,NA,NA,TRADITIONAL,7/2/2021,PURSE SEINE,HOMER,NA,27,10,17,17,0,0,0,,,,,,,1,1,,,,,,,,,,10,5,,,,,,,,,,,,,,,,,,,,,,,,,,,,,,,,,,,,,,,,,,,,,,,,,,,,,,,,,,,,,,,,,,,
21PSD019S,2021,ADFG,Southern (Lower Cook Inlet) Purse Seine,SOCKEYE,COMMERCIAL COM PROP,27,24192,China Poot SHA,NA,NA,TRADITIONAL,7/2/2021,PURSE SEINE,HOMER,NA,72,14,58,58,0,0,0,,,,,,,3,1,,,,,,,,,,35,19,,,,,,,,,,,,,,,,,,,,,,,,,,,,,,,,,,,,,,,,,,,,,,,,,,,,,,,,,,,,,,,,,,,
21PSD020S,2021,ADFG,Southern (Lower Cook Inlet) Purse Seine,SOCKEYE,COMMERCIAL COM PROP,27,24106,Tutka Bay,NA,NA,TRADITIONAL,7/2/2021,PURSE SEINE,HOMER,NA,96,10,86,85,0,1,0,,,,,,,2,,,,,,,,,,,1,,,,,,,,,,,,,,,,,10,72,,,,,,,,,,,,,,,,,,,,,,,,,,,,,,,,,,,,,,,,,,,1,,,,,,,
21PSD028S,2021,ADFG,Southern (Lower Cook Inlet) Purse Seine,SOCKEYE,COMMERCIAL COM PROP,28,24193,Hazel Lake SHA,NA,NA,TRADITIONAL,7/9/2021,PURSE SEINE,HOMER,NA,38,8,30,30,0,0,0,,,,,,,17,4,,,,,,,,,,6,3,,,,,,,,,,,,,,,,,,,,,,,,,,,,,,,,,,,,,,,,,,,,,,,,,,,,,,,,,,,,,,,,,,,
21PSD029S,2021,ADFG,Southern (Lower Cook Inlet) Purse Seine,SOCKEYE,COMMERCIAL COM PROP,28,24193,Hazel Lake SHA,NA,NA,TRADITIONAL,7/9/2021,PURSE SEINE,HOMER,NA,55,16,39,39,0,0,0,,,,,,,19,4,,,,,,,,,,10,2,,,,,,,,,,,,,,,,,4,,,,,,,,,,,,,,,,,,,,,,,,,,,,,,,,,,,,,,,,,,,,,,,,,,
21PSD030S,2021,ADFG,Southern (Lower Cook Inlet) Purse Seine,SOCKEYE,COMMERCIAL COM PROP,28,24192,China Poot SHA,NA,NA,TRADITIONAL,7/9/2021,PURSE SEINE,HOMER,NA,96,0,96,96,0,0,0,,,,,,,,1,,,,,,,,,,71,24,,,,,,,,,,,,,,,,,,,,,,,,,,,,,,,,,,,,,,,,,,,,,,,,,,,,,,,,,,,,,,,,,,,
21PSD031S,2021,ADFG,Southern (Lower Cook Inlet) Purse Seine,SOCKEYE,COMMERCIAL COM PROP,28,24192,China Poot SHA,NA,NA,TRADITIONAL,7/9/2021,PURSE SEINE,HOMER,NA,50,14,36,36,0,0,0,,,,,,,28,2,,,,,,,,,,5,1,,,,,,,,,,,,,,,,,,,,,,,,,,,,,,,,,,,,,,,,,,,,,,,,,,,,,,,,,,,,,,,,,,,
21PSD032S,2021,ADFG,Southern (Lower Cook Inlet) Purse Seine,SOCKEYE,COMMERCIAL COM PROP,28,24192,China Poot SHA,NA,NA,TRADITIONAL,7/9/2021,PURSE SEINE,HOMER,NA,57,19,38,38,0,0,0,,,,,,,26,9,,,,,,,,,,,3,,,,,,,,,,,,,,,,,,,,,,,,,,,,,,,,,,,,,,,,,,,,,,,,,,,,,,,,,,,,,,,,,,,
21PSD035S,2021,ADFG,Southern (Lower Cook Inlet) Purse Seine,SOCKEYE,COMMERCIAL COM PROP,29,24191,Neptune Bay,NA,NA,TRADITIONAL,7/12/2021,PURSE SEINE,HOMER,NA,33,5,28,28,0,0,0,,,,,,,16,3,,,,,,,,,,4,3,,,,,,,,,,,,,,,,,2,,,,,,,,,,,,,,,,,,,,,,,,,,,,,,,,,,,,,,,,,,,,,,,,,,
21PSD036S,2021,ADFG,Southern (Lower Cook Inlet) Purse Seine,SOCKEYE,COMMERCIAL COM PROP,29,24192,China Poot SHA,NA,NA,TRADITIONAL,7/12/2021,PURSE SEINE,HOMER,NA,96,3,93,93,0,0,0,,,,,,,5,1,,,,,,,,,,61,26,,,,,,,,,,,,,,,,,,,,,,,,,,,,,,,,,,,,,,,,,,,,,,,,,,,,,,,,,,,,,,,,,,,
21PSD037S,2021,ADFG,Southern (Lower Cook Inlet) Purse Seine,SOCKEYE,COMMERCIAL COM PROP,29,24191,Neptune Bay,NA,NA,TRADITIONAL,7/12/2021,PURSE SEINE,HOMER,NA,58,15,43,43,0,0,0,,,,,,,16,5,,,,,,,,,,15,5,,,,,,,,,,,,,,,,,2,,,,,,,,,,,,,,,,,,,,,,,,,,,,,,,,,,,,,,,,,,,,,,,,,,
21PSD042S,2021,ADFG,Southern (Lower Cook Inlet) Purse Seine,SOCKEYE,COMMERCIAL COM PROP,29,24193,Hazel Lake SHA,NA,NA,TRADITIONAL,7/16/2021,PURSE SEINE,HOMER,NA,60,14,46,46,0,0,0,,,,,,,28,6,,,,,,,,,,6,1,,,,,,,,,,,,,,,,,5,,,,,,,,,,,,,,,,,,,,,,,,,,,,,,,,,,,,,,,,,,,,,,,,,,
21PSD043S,2021,ADFG,Southern (Lower Cook Inlet) Purse Seine,SOCKEYE,COMMERCIAL COM PROP,29,24106,Tutka Bay,NA,NA,TRADITIONAL,7/16/2021,PURSE SEINE,HOMER,NA,49,10,39,39,0,0,0,,,,,,,,1,,,,,,,,,,1,,,,,,,,,,,,,,,,,6,30,1,,,,,,,,,,,,,,,,,,,,,,,,,,,,,,,,,,,,,,,,,,,,,,,,,
21PSD047S,2021,ADFG,Southern (Lower Cook Inlet) Purse Seine,SOCKEYE,COMMERCIAL COM PROP,30,24192,China Poot SHA,NA,NA,TRADITIONAL,7/19/2021,PURSE SEINE,HOMER,NA,96,6,90,90,0,0,0,,,,,,,9,1,,,,,,,,,1,66,13,,,,,,,,,,,,,,,,,,,,,,,,,,,,,,,,,,,,,,,,,,,,,,,,,,,,,,,,,,,,,,,,,,,
21PSD048S,2021,ADFG,Southern (Lower Cook Inlet) Purse Seine,SOCKEYE,COMMERCIAL COM PROP,30,24106,Tutka Bay,NA,NA,TRADITIONAL,7/19/2021,PURSE SEINE,HOMER,NA,32,10,22,22,0,0,0,,,,,,,1,,,,,,,,,,,,,,,,,,,,,,,,,,,,6,15,,,,,,,,,,,,,,,,,,,,,,,,,,,,,,,,,,,,,,,,,,,,,,,,,,
21PSD052S,2021,ADFG,Southern (Lower Cook Inlet) Cost Recovery,SOCKEYE,COST RECOVERY,30,24107,Tutka Bay SHA,NA,NA,PNP FISH,7/22/2021,PURSE SEINE,HOMER,NA,96,0,96,96,0,0,0,,,,,,,,,,,,,,,,,,,,,,,,,,,,,,,,,,,8,88,,,,,,,,,,,,,,,,,,,,,,,,,,,,,,,,,,,,,,,,,,,,,,,,,,
21PSD054S,2021,ADFG,Southern (Lower Cook Inlet) Purse Seine,SOCKEYE,COMMERCIAL COM PROP,30,24106,Tutka Bay,NA,NA,TRADITIONAL,7/23/2021,PURSE SEINE,HOMER,NA,43,41,2,2,0,0,0,,,,,,,,,,,,,,,,,,,,,,,,,,,,,,,,,,,1,1,,,,,,,,,,,,,,,,,,,,,,,,,,,,,,,,,,,,,,,,,,,,,,,,,,
21PSD056S,2021,ADFG,Southern (Lower Cook Inlet) Purse Seine,SOCKEYE,COMMERCIAL COM PROP,30,24106,Tutka Bay,NA,NA,TRADITIONAL,7/23/2021,PURSE SEINE,HOMER,NA,41,29,12,8,1,3,0,,,,,,,2,,,,,,,,,,,,,,,,,,,,,,,,,,,,3,3,,,,,,,,,,,,,,,,,,,,,,,,,,1,,,,,,,,,,,,,,,,,3,,,,,,,
21PSD058S,2021,ADFG,Southern (Lower Cook Inlet) Purse Seine,SOCKEYE,COMMERCIAL COM PROP,30,24106,Tutka Bay,NA,NA,TRADITIONAL,7/23/2021,PURSE SEINE,HOMER,NA,24,16,8,8,0,0,0,,,,,,,1,,,,,,,,,,,1,,,,,,,,,,,,,,,,,1,4,1,,,,,,,,,,,,,,,,,,,,,,,,,,,,,,,,,,,,,,,,,,,,,,,,,
21PSD061S,2021,ADFG,Southern (Lower Cook Inlet) Purse Seine,SOCKEYE,COMMERCIAL COM PROP,31,24191,Neptune Bay,NA,NA,TRADITIONAL,7/26/2021,PURSE SEINE,HOMER,NA,33,21,12,12,0,0,0,,,,,,,3,1,,,,,,,,,,,,,,,,,,,,,,,,,,,3,5,,,,,,,,,,,,,,,,,,,,,,,,,,,,,,,,,,,,,,,,,,,,,,,,,,
21PSD063S,2021,ADFG,Southern (Lower Cook Inlet) Purse Seine,SOCKEYE,COMMERCIAL COM PROP,31,24106,Tutka Bay,NA,NA,TRADITIONAL,7/26/2021,PURSE SEINE,HOMER,NA,7,4,3,3,0,0,0,,,,,,,,,,,,,,,,,,,,,,,,,,,,,,,,,,,1,,2,,,,,,,,,,,,,,,,,,,,,,,,,,,,,,,,,,,,,,,,,,,,,,,,,
21PSD068S,2021,ADFG,Southern (Lower Cook Inlet) Purse Seine,SOCKEYE,COMMERCIAL COM PROP,31,24115,Halibut Cove,NA,NA,TRADITIONAL,7/30/2021,PURSE SEINE,HOMER,NA,27,21,6,6,0,0,0,,,,,,,,,,,,,,,,,,6,,,,,,,,,,,,,,,,,,,,,,,,,,,,,,,,,,,,,,,,,,,,,,,,,,,,,,,,,,,,,,,,,,,,
21PSD070S,2021,ADFG,Southern (Lower Cook Inlet) Purse Seine,SOCKEYE,COMMERCIAL COM PROP,31,24191,Neptune Bay,NA,NA,TRADITIONAL,7/30/2021,PURSE SEINE,HOMER,NA,61,53,8,8,0,0,0,,,,,,,3,,,,,,,,,,,1,,,,,,,,,,,,,,,,,3,1,,,,,,,,,,,,,,,,,,,,,,,,,,,,,,,,,,,,,,,,,,,,,,,,,,
21PSD072S,2021,ADFG,Southern (Lower Cook Inlet) Purse Seine,SOCKEYE,COMMERCIAL COM PROP,31,24106,Tutka Bay,NA,NA,TRADITIONAL,7/30/2021,PURSE SEINE,HOMER,NA,15,13,2,2,0,0,0,,,,,,,,,,,,,,,,,,,1,,,,,,,,,,,,,,,,,1,,,,,,,,,,,,,,,,,,,,,,,,,,,,,,,,,,,,,,,,,,,,,,,,,,
21PSD074S,2021,ADFG,Southern (Lower Cook Inlet) Purse Seine,SOCKEYE,COMMERCIAL COM PROP,32,24191,Neptune Bay,NA,NA,TRADITIONAL,8/2/2021,PURSE SEINE,HOMER,NA,45,41,4,4,0,0,0,,,,,,,1,,,,,,,,,,,2,,,,,,,,,,,,,,,,,1,,,,,,,,,,,,,,,,,,,,,,,,,,,,,,,,,,,,,,,,,,,,,,,,,,,
21PSD076S,2021,ADFG,Southern (Lower Cook Inlet) Purse Seine,SOCKEYE,COMMERCIAL COM PROP,32,24115,Halibut Cove,NA,NA,TRADITIONAL,8/4/2021,PURSE SEINE,HOMER,NA,38,35,3,3,0,0,0,,,,,,,1,,,,,,,,,,,2,,,,,,,,,,,,,,,,,,,,,,,,,,,,,,,,,,,,,,,,,,,,,,,,,,,,,,,,,,,,,,,,,,,,
21PSD078S,2021,ADFG,Southern (Lower Cook Inlet) Purse Seine,SOCKEYE,COMMERCIAL COM PROP,32,24191,Neptune Bay,NA,NA,TRADITIONAL,8/4/2021,PURSE SEINE,HOMER,NA,17,14,3,3,0,0,0,,,,,,,,,,,,,,,,,,2,1,,,,,,,,,,,,,,,,,,,,,,,,,,,,,,,,,,,,,,,,,,,,,,,,,,,,,,,,,,,,,,,,,,,
21PSD080S,2021,ADFG,Southern (Lower Cook Inlet) Purse Seine,SOCKEYE,COMMERCIAL COM PROP,32,24115,Halibut Cove,NA,NA,TRADITIONAL,8/6/2021,PURSE SEINE,HOMER,NA,19,13,6,6,0,0,0,,,,,,,1,,,,,,,,,,,5,,,,,,,,,,,,,,,,,,,,,,,,,,,,,,,,,,,,,,,,,,,,,,,,,,,,,,,,,,,,,,,,,,,,
22GMX001S,2022,ADFG,Southern (Lower Cook Inlet) Set Gillnet,SOCKEYE,COMMERCIAL COM PROP,23,241061718,"Tutka Bay, Seldovia Bay, Barabara Creek",NA,NA,TRADITIONAL,6/4/2022,SET GILLNET,HOMER,96,95,67,28,27,1,0,0,,,,,,,,,,,,,,,,,,,,,,,,,,,,14,1,12,,,,,,,,,,,,,,,,,,,,,,,,,,,,,,,,,,,,1,,,,,,,,,,,,,,,,,,,,
22GMX003S,2022,ADFG,Southern (Lower Cook Inlet) Set Gillnet,SOCKEYE,COMMERCIAL COM PROP,24,241061718,"Tutka Bay, Seldovia Bay, Barabara Creek",NA,NA,TRADITIONAL,6/11/2022,SET GILLNET,HOMER,96,96,85,11,11,0,0,0,,,,,,,,,,,,,,,,,,,,,,,,,,,,6,,5,,,,,,,,,,,,,,,,,,,,,,,,,,,,,,,,,,,,,,,,,,,,,,,,,,,,,,,,
22GMX002S,2022,ADFG,Southern (Lower Cook Inlet) Set Gillnet,SOCKEYE,COMMERCIAL COM PROP,24,241061718,"Tutka Bay, Seldovia Bay, Barabara Creek",NA,NA,TRADITIONAL,6/8/2022,SET GILLNET,HOMER,96,96,69,27,25,2,0,0,,,,,,,,,,,,,,,,,,,,,,,,,,,,14,1,10,,,,,,,,,,,,,,,,,,,,,,,,,,,,,,,2,,,,,,,,,,,,,,,,,,,,,,,,,
22GMX004S,2022,ADFG,Southern (Lower Cook Inlet) Set Gillnet,SOCKEYE,COMMERCIAL COM PROP,25,241061718,"Tutka Bay, Seldovia Bay, Barabara Creek",NA,NA,TRADITIONAL,6/15/2022,SET GILLNET,HOMER,96,96,92,4,4,0,0,0,,,,,,,,,,,,,,,,,,,,,,,,,,,,2,,1,,,,,,,1,,,,,,,,,,,,,,,,,,,,,,,,,,,,,,,,,,,,,,,,,,,,,,,,,
22GMX006S,2022,ADFG,Southern (Lower Cook Inlet) Set Gillnet,SOCKEYE,COMMERCIAL COM PROP,26,241061718,"Tutka Bay, Seldovia Bay, Barabara Creek",NA,NA,TRADITIONAL,6/22/2022,SET GILLNET,HOMER,96,96,87,9,4,5,0,0,,,,,,,,,,,,,,,,,,,,,,,,,,,,2,,,,,,,,1,1,,,,,,,,,,,,,,,,,,,,,,,4,,,,1,,,,,,,,,,,,,,,,,,,,,,
22GMX011S,2022,ADFG,Southern (Lower Cook Inlet) Set Gillnet,SOCKEYE,COMMERCIAL COM PROP,26,241061718,"Tutka Bay, Seldovia Bay, Barabara Creek",NA,NA,TRADITIONAL,6/25/2022,SET GILLNET,HOMER,96,94,74,20,17,3,0,0,,,,,,,,,,,,,,,,,,1,7,,,,,,,,,2,,1,,,,,,2,4,,,,,,,,,,,,,,,,,,,,,,,,1,1,,,1,,,,,,,,,,,,,,,,,,,,,
22GMX005S,2022,ADFG,Southern (Lower Cook Inlet) Set Gillnet,SOCKEYE,COMMERCIAL COM PROP,26,241061718,"Tutka Bay, Seldovia Bay, Barabara Creek",NA,NA,TRADITIONAL,6/18/2024,SET GILLNET,HOMER,96,94,87,7,7,0,0,0,,,,,,,,,,,,,,,,,,,,,,,,,,,,1,2,3,,,,,,1,,,,,,,,,,,,,,,,,,,,,,,,,,,,,,,,,,,,,,,,,,,,,,,,,,
22PSD009S,2022,ADFG,Southern (Lower Cook Inlet) Purse Seine,SOCKEYE,COMMERCIAL COM PROP,26,24190,China Poot,NA,NA,TRADITIONAL,6/24/2022,PURSE SEINE,HOMER,47,47,5,42,42,0,0,0,,,,,,,2,9,,,,4,,,,,,1,24,,,,,,,,,,,,,,,,,2,,,,,,,,,,,,,,,,,,,,,,,,,,,,,,,,,,,,,,,,,,,,,,,,,,
22PSD010S,2022,ADFG,Southern (Lower Cook Inlet) Purse Seine,SOCKEYE,COMMERCIAL COM PROP,26,24191,Neptune Bay,NA,NA,TRADITIONAL,6/24/2022,PURSE SEINE,HOMER,34,34,25,9,9,0,0,0,,,,,,,,1,,,,,,,,,,,,,,,,,,,,,,,,,,,,5,3,,,,,,,,,,,,,,,,,,,,,,,,,,,,,,,,,,,,,,,,,,,,,,,,,
22PSD008S,2022,ADFG,Southern (Lower Cook Inlet) Purse Seine,SOCKEYE,COMMERCIAL COM PROP,26,24191,Neptune Bay,NA,NA,TRADITIONAL,6/22/2022,PURSE SEINE,HOMER,50,50,18,32,32,0,0,0,,,,,,,2,16,,,,1,,,,,,,6,,,,,,,,,,,,,,,,,4,3,,,,,,,,,,,,,,,,,,,,,,,,,,,,,,,,,,,,,,,,,,,,,,,,,
22PSD007S,2022,ADFG,Southern (Lower Cook Inlet) Purse Seine,SOCKEYE,COMMERCIAL COM PROP,26,24192,China Poot SHA,NA,NA,TRADITIONAL,6/22/2022,PURSE SEINE,HOMER,96,96,4,92,92,0,0,0,,,,,,,2,7,,,,7,,,,,,7,69,,,,,,,,,,,,,,,,,,,,,,,,,,,,,,,,,,,,,,,,,,,,,,,,,,,,,,,,,,,,,,,,,,,
22GMX020S,2022,ADFG,Southern (Lower Cook Inlet) Purse Seine,SOCKEYE,COMMERCIAL COM PROP,27,241061718,China Poot SHA,NA,NA,TRADITIONAL,7/2/2022,SET GILLNET,HOMER,96,96,75,21,20,1,0,0,,,,,,,,,,,,,,,,,,,1,,,,,,,,,1,,,,,,,,4,14,,,,,,,,,,,,,,,,,,,,,,,,,,,,,1,,,,,,,,,,,,,,,,,,,,
22GMX014S,2022,ADFG,Southern (Lower Cook Inlet) Purse Seine,SOCKEYE,COMMERCIAL COM PROP,27,241061718,China Poot SHA,NA,NA,TRADITIONAL,6/29/2022,SET GILLNET,HOMER,96,95,75,20,15,5,0,0,,,,,,,1,,,,,,,,,,,2,,,,,,,,,,1,,,,,,,,6,5,,,,,,,,,,,,,,,,,,,,,3,,,,,,,2,,,,,,,,,,,,,,,,,,,,,
22PSD013S,2022,ADFG,Southern (Lower Cook Inlet) Purse Seine,SOCKEYE,COMMERCIAL COM PROP,27,24190,China Poot Section,NA,NA,TRADITIONAL,6/27/2022,PURSE SEINE,HOMER,32,32,9,23,23,0,0,0,,,,,,,2,2,,,,,,,,,,2,17,,,,,,,,,,,,,,,,,,,,,,,,,,,,,,,,,,,,,,,,,,,,,,,,,,,,,,,,,,,,,,,,,,,
22PSD019S,2022,ADFG,Southern (Lower Cook Inlet) Purse Seine,SOCKEYE,COMMERCIAL COM PROP,27,24191,Neptune Bay,NA,NA,TRADITIONAL,7/1/2022,PURSE SEINE,HOMER,38,38,6,32,32,0,0,0,,,,,,,6,14,1,,,3,,,,,,1,7,,,,,,,,,,,,,,,,,,,,,,,,,,,,,,,,,,,,,,,,,,,,,,,,,,,,,,,,,,,,,,,,,,,
22PSD015S,2022,ADFG,Southern (Lower Cook Inlet) Purse Seine,SOCKEYE,COMMERCIAL COM PROP,27,24191,Neptune Bay,NA,NA,TRADITIONAL,6/29/2022,PURSE SEINE,HOMER,24,24,8,16,16,0,0,0,,,,,,,2,12,,,,,,,,,,1,,,,,,,,,,,,,,,,,,,1,,,,,,,,,,,,,,,,,,,,,,,,,,,,,,,,,,,,,,,,,,,,,,,,,
22PSD012S,2022,ADFG,Southern (Lower Cook Inlet) Purse Seine,SOCKEYE,COMMERCIAL COM PROP,27,24192,China Poot SHA,NA,NA,TRADITIONAL,6/27/2022,PURSE SEINE,HOMER,51,51,0,51,51,0,0,0,,,,,,,,2,,,,10,,,,,,2,35,,,,,,,,,1,1,,,,,,,,,,,,,,,,,,,,,,,,,,,,,,,,,,,,,,,,,,,,,,,,,,,,,,,,,
22PSD018S,2022,ADFG,Southern (Lower Cook Inlet) Purse Seine,SOCKEYE,COMMERCIAL COM PROP,27,24192,China Poot SHA,NA,NA,TRADITIONAL,7/1/2022,PURSE SEINE,HOMER,30,30,2,28,28,0,0,0,,,,,,,3,7,,,,6,,,,,,4,8,,,,,,,,,,,,,,,,,,,,,,,,,,,,,,,,,,,,,,,,,,,,,,,,,,,,,,,,,,,,,,,,,,,
22PSD016S,2022,ADFG,Southern (Lower Cook Inlet) Purse Seine,SOCKEYE,COMMERCIAL COM PROP,27,24192,China Poot SHA,NA,NA,TRADITIONAL,6/29/2022,PURSE SEINE,HOMER,96,95,4,91,91,0,0,0,,,,,,,2,5,,,,7,,,,,,2,75,,,,,,,,,,,,,,,,,,,,,,,,,,,,,,,,,,,,,,,,,,,,,,,,,,,,,,,,,,,,,,,,,,,
22GMX022S,2022,ADFG,Southern (Lower Cook Inlet) Purse Seine,SOCKEYE,COMMERCIAL COM PROP,28,241061718,China Poot SHA,NA,NA,TRADITIONAL,7/6/2022,SET GILLNET,HOMER,96,95,75,20,14,5,1,0,,,,,,,,,,,,,,,,,,1,1,,,,,,,,,,,,,,,,,2,10,,,,,,,,,,,,,,,,,,,,,,2,1,1,,1,,,,,,,,,,,,,,,,,,1,,,,,
22GMX025S,2022,ADFG,Southern (Lower Cook Inlet) Purse Seine,SOCKEYE,COMMERCIAL COM PROP,28,241061718,China Poot SHA,NA,NA,TRADITIONAL,7/9/2022,SET GILLNET,HOMER,96,95,77,18,15,3,0,0,,,,,,,,,,,,,,,,,,,1,,,,,,,,,,,,,,,,,5,9,,,,,,,,,,,,,,,,,,,,,1,,,1,1,,,,,,,,,,,,,,,,,,,,,,,,
22GHC021S,2022,ADFG,Southern (Lower Cook Inlet) Purse Seine,SOCKEYE,COMMERCIAL COM PROP,28,24115,China Poot SHA,NA,NA,TRADITIONAL,7/6/2022,SET GILLNET,HOMER,12,12,2,10,10,0,0,0,,,,,,,1,2,,,,2,,,,,,,4,,,,,,,,,,,,,,,,,1,,,,,,,,,,,,,,,,,,,,,,,,,,,,,,,,,,,,,,,,,,,,,,,,,,
22PSD024S,2022,ADFG,Southern (Lower Cook Inlet) Purse Seine,SOCKEYE,COMMERCIAL COM PROP,28,24191,Neptune Bay,NA,NA,TRADITIONAL,7/6/2022,PURSE SEINE,HOMER,96,96,4,92,92,0,0,0,,,,,,,18,41,3,,,12,,,,,,,17,,,,,,,,,,,,,,,,,,1,,,,,,,,,,,,,,,,,,,,,,,,,,,,,,,,,,,,,,,,,,,,,,,,,
22PSD023S,2022,ADFG,Southern (Lower Cook Inlet) Purse Seine,SOCKEYE,COMMERCIAL COM PROP,28,24192,China Poot SHA,NA,NA,TRADITIONAL,7/6/2022,PURSE SEINE,HOMER,96,95,9,86,86,0,0,0,,,,,,,2,7,,,,20,,,,,,4,52,,,,,,,,,,,,,,,,,1,,,,,,,,,,,,,,,,,,,,,,,,,,,,,,,,,,,,,,,,,,,,,,,,,,
22GMX028S,2022,ADFG,Southern (Lower Cook Inlet) Purse Seine,SOCKEYE,COMMERCIAL COM PROP,29,241061718,China Poot SHA,NA,NA,TRADITIONAL,7/13/2022,SET GILLNET,HOMER,96,95,67,28,23,0,5,0,,,,,,,,,,,,,,,,,,,,,,,,,,,,1,,,,,,,,3,19,,,,,,,,,,,,,,,,,,,,,,,,,,,,,,,,,,,,,,,,,,,1,3,1,,,,
22PSD031S,2022,ADFG,Southern (Lower Cook Inlet) Purse Seine,SOCKEYE,COMMERCIAL COM PROP,29,24191,Neptune Bay,NA,NA,TRADITIONAL,7/15/2022,PURSE SEINE,HOMER,76,73,14,59,58,0,1,0,,,,,,,14,32,2,,,1,,,,,,,5,,,,,,,,,,,,,,,,,,4,,,,,,,,,,,,,,,,,,,,,,,,,,,,,,,,,,,,,,,,,,,,,1,,,,
22PSD026S,2022,ADFG,Southern (Lower Cook Inlet) Purse Seine,SOCKEYE,COMMERCIAL COM PROP,29,24191,Neptune Bay,NA,NA,TRADITIONAL,7/11/2022,PURSE SEINE,HOMER,96,95,5,90,90,0,0,0,,,,,,,29,34,1,,,6,,,,,,1,12,,,,,,,,,,,,,,,,,,7,,,,,,,,,,,,,,,,,,,,,,,,,,,,,,,,,,,,,,,,,,,,,,,,,
22PSD027S,2022,ADFG,Southern (Lower Cook Inlet) Purse Seine,SOCKEYE,COMMERCIAL COM PROP,29,24192,China Poot SHA,NA,NA,TRADITIONAL,7/11/2022,PURSE SEINE,HOMER,96,95,3,92,92,0,0,0,,,,,,,5,2,,,,29,,,,,,8,48,,,,,,,,,,,,,,,,,,,,,,,,,,,,,,,,,,,,,,,,,,,,,,,,,,,,,,,,,,,,,,,,,,,
22PSD030S,2022,ADFG,Southern (Lower Cook Inlet) Purse Seine,SOCKEYE,COMMERCIAL COM PROP,29,24193,Hazel Lake SHA,NA,NA,TRADITIONAL,7/15/2022,PURSE SEINE,HOMER,96,96,12,84,84,0,0,0,,,,,,,32,38,,,,3,,,,,,2,9,,,,,,,,,,,,,,,,,,,,,,,,,,,,,,,,,,,,,,,,,,,,,,,,,,,,,,,,,,,,,,,,,,,
22PSD039S,2022,ADFG,Southern (Lower Cook Inlet) Purse Seine,SOCKEYE,COMMERCIAL COM PROP,30,24106,Tutka Bay,NA,NA,TRADITIONAL,7/22/2022,PURSE SEINE,HOMER,96,94,87,7,7,0,0,0,,,,,,,1,2,,,,1,,,,,,,,,,,,,,,,,,,,,,,,,3,,,,,,,,,,,,,,,,,,,,,,,,,,,,,,,,,,,,,,,,,,,,,,,,,
22GMX036S,2022,ADFG,Southern (Lower Cook Inlet) Purse Seine,SOCKEYE,COMMERCIAL COM PROP,30,241061718,China Poot SHA,NA,NA,TRADITIONAL,7/20/2022,SET GILLNET,HOMER,96,96,84,12,7,1,4,0,,,,,,,,,,,,,,,,,,,,,,,,,,,,,,,,,,,,,7,,,,,,,,,,,,,,,,,,,,,,,,1,,,,,,,,,,,,,,,,,,2,,2,,,,,
22GMX042S,2022,ADFG,Southern (Lower Cook Inlet) Purse Seine,SOCKEYE,COMMERCIAL COM PROP,30,241061718,China Poot SHA,NA,NA,TRADITIONAL,7/23/2022,SET GILLNET,HOMER,96,96,94,2,1,1,0,0,,,,,,,,,,,,,,,,,,,,,,,,,,,,,,,,,,,,1,,,,,,,,,,,,,,,,,,,,,,,1,,,,,,,,,,,,,,,,,,,,,,,,,,,
22PSD034S,2022,ADFG,Southern (Lower Cook Inlet) Purse Seine,SOCKEYE,COMMERCIAL COM PROP,30,24115,Halibut Cove,NA,NA,TRADITIONAL,7/20/2022,PURSE SEINE,HOMER,94,93,74,19,19,0,0,0,,,,,,,5,9,,,,2,,,,,,1,2,,,,,,,,,,,,,,,,,,,,,,,,,,,,,,,,,,,,,,,,,,,,,,,,,,,,,,,,,,,,,,,,,,,
22GHC032S,2022,ADFG,Southern (Lower Cook Inlet) Purse Seine,SOCKEYE,COMMERCIAL COM PROP,30,24115,China Poot SHA,NA,NA,TRADITIONAL,7/18/2022,SET GILLNET,HOMER,96,95,80,15,15,0,0,0,,,,,,,2,4,,,,2,,,,,,1,5,,,,,,,,,,,,,,,,,1,,,,,,,,,,,,,,,,,,,,,,,,,,,,,,,,,,,,,,,,,,,,,,,,,,
22PSD033S,2022,ADFG,Southern (Lower Cook Inlet) Purse Seine,SOCKEYE,COMMERCIAL COM PROP,30,24192,China Poot SHA,NA,NA,TRADITIONAL,7/20/2022,PURSE SEINE,HOMER,96,95,30,65,63,1,0,1,,,,,,,26,27,,,,3,,,,,,,4,,,,,,,,,1,,1,,,,,,,1,,,,,,,,,,,,,,,,,,,,,,,,,,,,,1,,,,,,,,,,,,,,,,,,,,1
22GMX045S,2022,ADFG,Southern (Lower Cook Inlet) Purse Seine,SOCKEYE,COMMERCIAL COM PROP,31,241061718,Neptune Bay,NA,NA,TRADITIONAL,7/27/2022,SET GILLNET,HOMER,96,93,87,6,3,1,2,0,,,,,,,,,,,,,,,,,,,,,,,,,,,,,,,,,,,,2,1,,,,,,,,,,,,,,,,,,,,,,,,,,,1,,,,,,,,,,,,,,,2,,,,,,,
22GMX050S,2022,ADFG,Southern (Lower Cook Inlet) Purse Seine,SOCKEYE,COMMERCIAL COM PROP,31,241061718,Neptune Bay,NA,NA,TRADITIONAL,7/30/2022,SET GILLNET,HOMER,96,96,90,6,3,0,1,2,,,,,,,,,,,,,,,,,,,,,,,,,,,,1,,,,,,,,,2,,,,,,,,,,,,,,,,,,,,,,,,,,,,,,,,,,,,,,,,,,1,,,,,,2,
22GHC043S,2022,ADFG,Southern (Lower Cook Inlet) Purse Seine,SOCKEYE,COMMERCIAL COM PROP,31,24115,Neptune Bay,NA,NA,TRADITIONAL,7/27/2022,SET GILLNET,HOMER,96,96,91,5,5,0,0,0,,,,,,,,,,,,1,,,,,,4,,,,,,,,,,,,,,,,,,,,,,,,,,,,,,,,,,,,,,,,,,,,,,,,,,,,,,,,,,,,,,,,,,,,
22PSD047S,2022,ADFG,Southern (Lower Cook Inlet) Purse Seine,SOCKEYE,COMMERCIAL COM PROP,31,24191,Neptune Bay,NA,NA,TRADITIONAL,7/29/2022,PURSE SEINE,HOMER,61,60,55,5,5,0,0,0,,,,,,,,,,,,,,,,,,,2,,,,,,,,,,,,,,,,,,3,,,,,,,,,,,,,,,,,,,,,,,,,,,,,,,,,,,,,,,,,,,,,,,,,
22GBT052S,2022,ADFG,Southern (Lower Cook Inlet) Set Gillnet,SOCKEYE,COMMERCIAL COM PROP,32,241-18,Barabara Creek,NA,NA,TRADITIONAL,8/5/2022,SET GILLNET,HOMER,42,42,39,3,0,1,2,0,,,,,,,,,,,,,,,,,,,,,,,,,,,,,,,,,,,,,,,,,,,,,,,,,,,,,,,,,,,1,,,,,,,,,,,,,,,,,,,,2,,,,,,,
22PSD017S,2022,ADFG,Southern (Lower Cook Inlet) Cost Recovery,SOCKEYE,COST RECOVERY,27,24107,Tutka Bay SHA,NA,NA,PNP CARCASSES,7/1/2022,PURSE SEINE,HOMER,96,96,0,96,96,0,0,0,,,,,,,,,,,,,,,,,,,,,,,,,,,,,,,,,,,,53,43,,,,,,,,,,,,,,,,,,,,,,,,,,,,,,,,,,,,,,,,,,,,,,,,,
22PSD038S,2022,ADFG,Southern (Lower Cook Inlet) Cost Recovery,SOCKEYE,COST RECOVERY,30,24107,Tutka Bay SHA,NA,NA,PNP FISH,7/21/2022,PURSE SEINE,HOMER,96,95,0,95,95,0,0,0,,,,,,,,,,,,,,,,,,,,,,,,,,,,,,,,,,,,15,80,,,,,,,,,,,,,,,,,,,,,,,,,,,,,,,,,,,,,,,,,,,,,,,,,
